version4id,ccode,state_name,all_st_day,all_st_month,all_st_year,all_end_day,all_end_month,all_end_year,ss_type,mem_st_day,mem_st_month,mem_st_year,mem_end_day,mem_end_month,mem_end_year,left_censor,right_censor,defense,neutrality,nonaggression,entente,version
98,200,United Kingdom,26,4,1915,11,11,1918,Type I: Defense Pact,26,4,1915,11,11,1918,0,0,1,0,0,1,4.1
98,220,France,26,4,1915,11,11,1918,Type I: Defense Pact,26,4,1915,11,11,1918,0,0,1,0,0,1,4.1
98,325,Italy,26,4,1915,11,11,1918,Type I: Defense Pact,26,4,1915,11,11,1918,0,0,1,0,0,1,4.1
98,365,Russia,26,4,1915,11,11,1918,Type I: Defense Pact,26,4,1915,8,11,1917,0,0,1,0,0,1,4.1
99,255,Germany,6,9,1915,30,9,1918,Type I: Defense Pact,6,9,1915,30,9,1918,0,0,1,0,0,0,4.1
99,300,Austria-Hungary,6,9,1915,30,9,1918,Type I: Defense Pact,6,9,1915,30,9,1918,0,0,1,0,0,0,4.1
99,355,Bulgaria,6,9,1915,30,9,1918,Type I: Defense Pact,6,9,1915,30,9,1918,0,0,1,0,0,0,4.1
100,365,Russia,3,7,1916,8,11,1917,Type I: Defense Pact,3,7,1916,8,11,1917,0,0,1,0,0,1,4.1
100,740,Japan,3,7,1916,8,11,1917,Type I: Defense Pact,3,7,1916,8,11,1917,0,0,1,0,0,1,4.1
101,200,United Kingdom,17,8,1916,11,11,1918,Type I: Defense Pact,17,8,1916,11,11,1918,0,0,1,0,0,0,4.1
101,220,France,17,8,1916,11,11,1918,Type I: Defense Pact,17,8,1916,11,11,1918,0,0,1,0,0,0,4.1
101,325,Italy,17,8,1916,11,11,1918,Type I: Defense Pact,17,8,1916,11,11,1918,0,0,1,0,0,0,4.1
101,360,Romania,17,8,1916,11,11,1918,Type I: Defense Pact,17,8,1916,11,11,1918,0,0,0,0,0,0,4.1
101,365,Russia,17,8,1916,11,11,1918,Type I: Defense Pact,17,8,1916,8,11,1917,0,0,1,0,0,0,4.1
102,315,Czechoslovakia,14,8,1920,1,7,1930,Type I: Defense Pact,14,8,1920,1,7,1930,0,0,1,0,0,1,4.1
102,345,Yugoslavia,14,8,1920,1,7,1930,Type I: Defense Pact,14,8,1920,1,7,1930,0,0,1,0,0,1,4.1
103,211,Belgium,7,9,1920,14,10,1936,Type I: Defense Pact,7,9,1920,14,10,1936,0,0,1,0,0,0,4.1
103,220,France,7,9,1920,14,10,1936,Type I: Defense Pact,7,9,1920,14,10,1936,0,0,1,0,0,0,4.1
104,220,France,19,2,1921,27,9,1939,Type I: Defense Pact,19,2,1921,27,9,1939,0,0,1,0,0,1,4.1
104,290,Poland,19,2,1921,27,9,1939,Type I: Defense Pact,19,2,1921,27,9,1939,0,0,1,0,0,1,4.1
105,365,Russia,26,2,1921,25,8,1941,Type I: Defense Pact,26,2,1921,25,8,1941,0,0,1,0,0,0,4.1
105,630,Iran,26,2,1921,25,8,1941,Type I: Defense Pact,26,2,1921,25,8,1941,0,0,1,0,0,0,4.1
106,640,Turkey,1,3,1921,25,5,1928,Type I: Defense Pact,1,3,1921,25,5,1928,0,0,1,0,0,0,4.1
106,700,Afghanistan,1,3,1921,25,5,1928,Type I: Defense Pact,1,3,1921,25,5,1928,0,0,1,0,0,0,4.1
107,290,Poland,3,3,1921,26,9,1939,Type I: Defense Pact,3,3,1921,26,9,1939,0,0,1,0,0,1,4.1
107,360,Romania,3,3,1921,26,9,1939,Type I: Defense Pact,3,3,1921,26,9,1939,0,0,1,0,0,1,4.1
108,315,Czechoslovakia,23,4,1921,15,3,1939,Type I: Defense Pact,23,4,1921,15,3,1939,0,0,1,0,0,1,4.1
108,360,Romania,23,4,1921,15,3,1939,Type I: Defense Pact,23,4,1921,15,3,1939,0,0,1,0,0,1,4.1
109,345,Yugoslavia,7,6,1921,30,8,1940,Type I: Defense Pact,7,6,1921,30,8,1940,0,0,1,0,0,1,4.1
109,360,Romania,7,6,1921,30,8,1940,Type I: Defense Pact,7,6,1921,30,8,1940,0,0,1,0,0,1,4.1
110,630,Iran,22,6,1921,8,7,1937,Type IIa: Non-Aggression Pact,22,6,1921,8,7,1937,0,0,0,1,0,0,4.1
110,700,Afghanistan,22,6,1921,8,7,1937,Type IIa: Non-Aggression Pact,22,6,1921,8,7,1937,0,0,0,1,0,0,4.1
111,2,United States of America,13,12,1921,18,9,1931,Type III: Entente,13,12,1921,18,9,1931,0,0,0,0,0,1,4.1
111,200,United Kingdom,13,12,1921,18,9,1931,Type III: Entente,13,12,1921,18,9,1931,0,0,0,0,0,1,4.1
111,220,France,13,12,1921,18,9,1931,Type III: Entente,13,12,1921,18,9,1931,0,0,0,0,0,1,4.1
111,740,Japan,13,12,1921,18,9,1931,Type III: Entente,13,12,1921,18,9,1931,0,0,0,0,0,1,4.1
112,305,Austria,16,12,1921,15,3,1927,Type IIa: Non-Aggression Pact,16,12,1921,15,3,1927,0,0,0,1,0,0,4.1
112,315,Czechoslovakia,16,12,1921,15,3,1927,Type IIa: Non-Aggression Pact,16,12,1921,15,3,1927,0,0,0,1,0,0,4.1
113,90,Guatemala,7,2,1923,26,12,1932,Type IIb: Non-Aggression Pact,7,2,1923,26,12,1932,0,0,0,0,1,0,4.1
113,91,Honduras,7,2,1923,26,12,1932,Type IIb: Non-Aggression Pact,7,2,1923,26,12,1932,0,0,0,0,1,0,4.1
113,92,El Salvador,7,2,1923,26,12,1932,Type IIb: Non-Aggression Pact,7,2,1923,26,12,1932,0,0,0,0,1,0,4.1
113,93,Nicaragua,7,2,1923,26,12,1932,Type IIb: Non-Aggression Pact,7,2,1923,26,12,1932,0,0,0,0,1,0,4.1
113,94,Costa Rica,7,2,1923,26,12,1932,Type IIb: Non-Aggression Pact,7,2,1923,26,12,1932,0,0,0,0,1,0,4.1
114,366,Estonia,1,11,1923,15,6,1940,Type I: Defense Pact,1,11,1923,15,6,1940,0,0,1,0,0,1,4.1
114,367,Latvia,1,11,1923,15,6,1940,Type I: Defense Pact,1,11,1923,15,6,1940,0,0,1,0,0,1,4.1
115,220,France,25,1,1924,30,9,1938,Type III: Entente,25,1,1924,30,9,1938,0,0,0,0,0,1,4.1
115,315,Czechoslovakia,25,1,1924,30,9,1938,Type III: Entente,25,1,1924,30,9,1938,0,0,0,0,0,1,4.1
116,325,Italy,27,1,1924,22,2,1929,Type IIa: Non-Aggression Pact,27,1,1924,22,2,1929,0,0,0,1,0,1,4.1
116,345,Yugoslavia,27,1,1924,22,2,1929,Type IIa: Non-Aggression Pact,27,1,1924,22,2,1929,0,0,0,1,0,1,4.1
117,315,Czechoslovakia,5,7,1924,21,8,1929,Type III: Entente,5,7,1924,21,8,1929,0,0,0,0,0,1,4.1
117,325,Italy,5,7,1924,21,8,1929,Type III: Entente,5,7,1924,21,8,1929,0,0,0,0,0,1,4.1
118,200,United Kingdom,16,10,1925,7,3,1936,Type I: Defense Pact,16,10,1925,7,3,1936,0,0,1,0,0,0,4.1
118,211,Belgium,16,10,1925,7,3,1936,Type I: Defense Pact,16,10,1925,7,3,1936,0,0,1,0,1,0,4.1
118,220,France,16,10,1925,7,3,1936,Type I: Defense Pact,16,10,1925,7,3,1936,0,0,1,0,1,0,4.1
118,255,Germany,16,10,1925,7,3,1936,Type I: Defense Pact,16,10,1925,7,3,1936,0,0,1,0,1,0,4.1
118,325,Italy,16,10,1925,7,3,1936,Type I: Defense Pact,16,10,1925,7,3,1936,0,0,1,0,0,0,4.1
119,220,France,16,10,1925,27,9,1939,Type I: Defense Pact,16,10,1925,27,9,1939,0,0,1,0,0,0,4.1
119,290,Poland,16,10,1925,27,9,1939,Type I: Defense Pact,16,10,1925,27,9,1939,0,0,1,0,0,0,4.1
120,220,France,16,10,1925,30,9,1938,Type I: Defense Pact,16,10,1925,30,9,1938,0,0,1,0,0,0,4.1
120,315,Czechoslovakia,16,10,1925,30,9,1938,Type I: Defense Pact,16,10,1925,30,9,1938,0,0,1,0,0,0,4.1
121,365,Russia,17,12,1925,1,9,1939,Type IIa: Non-Aggression Pact,17,12,1925,1,9,1939,0,0,0,1,1,0,4.1
121,640,Turkey,17,12,1925,1,9,1939,Type IIa: Non-Aggression Pact,17,12,1925,1,9,1939,0,0,0,1,1,0,4.1
122,630,Iran,22,4,1926,8,7,1937,Type IIa: Non-Aggression Pact,22,4,1926,8,7,1937,0,0,0,1,1,,4.1
122,640,Turkey,22,4,1926,8,7,1937,Type IIa: Non-Aggression Pact,22,4,1926,8,7,1937,0,0,0,1,1,,4.1
123,255,Germany,24,4,1926,15,9,1933,Type IIa: Non-Aggression Pact,24,4,1926,15,9,1933,0,0,0,1,0,0,4.1
123,365,Russia,24,4,1926,15,9,1933,Type IIa: Non-Aggression Pact,24,4,1926,15,9,1933,0,0,0,1,0,0,4.1
124,220,France,10,6,1926,22,6,1940,Type IIa: Non-Aggression Pact,10,6,1926,22,6,1940,0,0,0,1,0,1,4.1
124,360,Romania,10,6,1926,22,6,1940,Type IIa: Non-Aggression Pact,10,6,1926,22,6,1940,0,0,0,1,0,1,4.1
125,230,Spain,7,8,1926,18,7,1936,Type IIa: Non-Aggression Pact,7,8,1926,18,7,1936,0,0,0,1,0,0,4.1
125,325,Italy,7,8,1926,18,7,1936,Type IIa: Non-Aggression Pact,7,8,1926,18,7,1936,0,0,0,1,0,0,4.1
126,365,Russia,31,8,1926,24,12,1979,Type IIa: Non-Aggression Pact,31,8,1926,24,12,1979,0,0,0,1,1,0,4.1
126,700,Afghanistan,31,8,1926,24,12,1979,Type IIa: Non-Aggression Pact,31,8,1926,24,12,1979,0,0,0,1,1,0,4.1
127,325,Italy,16,9,1926,18,7,1932,Type III: Entente,16,9,1926,18,7,1932,0,0,0,0,0,1,4.1
127,360,Romania,16,9,1926,18,7,1932,Type III: Entente,16,9,1926,18,7,1932,0,0,0,0,0,1,4.1
128,290,Poland,18,9,1926,27,9,1939,Type III: Entente,18,9,1926,27,9,1939,0,0,0,0,0,1,4.1
128,345,Yugoslavia,18,9,1926,27,9,1939,Type III: Entente,18,9,1926,27,9,1939,0,0,0,0,0,1,4.1
129,365,Russia,28,9,1926,10,10,1939,Type IIb: Non-Aggression Pact,28,9,1926,10,10,1939,0,0,0,0,1,0,4.1
129,368,Lithuania,28,9,1926,10,10,1939,Type IIb: Non-Aggression Pact,28,9,1926,10,10,1939,0,0,0,0,1,0,4.1
130,325,Italy,27,11,1926,22,11,1927,Type III: Entente,27,11,1926,22,11,1927,0,0,0,0,0,1,4.1
130,339,Albania,27,11,1926,22,11,1927,Type III: Entente,27,11,1926,22,11,1927,0,0,0,0,0,1,4.1
131,365,Russia,1,10,1927,25,8,1941,Type IIa: Non-Aggression Pact,1,10,1927,25,8,1941,0,0,0,1,1,0,4.1
131,630,Iran,1,10,1927,25,8,1941,Type IIa: Non-Aggression Pact,1,10,1927,25,8,1941,0,0,0,1,1,0,4.1
132,220,France,11,11,1927,22,6,1940,Type IIb: Non-Aggression Pact,11,11,1927,22,6,1940,0,0,0,0,1,1,4.1
132,345,Yugoslavia,11,11,1927,22,6,1940,Type IIb: Non-Aggression Pact,11,11,1927,22,6,1940,0,0,0,0,1,1,4.1
133,325,Italy,22,11,1927,7,4,1939,Type I: Defense Pact,22,11,1927,7,4,1939,0,0,1,0,0,0,4.1
133,339,Albania,22,11,1927,7,4,1939,Type I: Defense Pact,22,11,1927,7,4,1939,0,0,1,0,0,0,4.1
134,350,Greece,21,3,1928,9,2,1934,Type IIb: Non-Aggression Pact,21,3,1928,9,2,1934,0,0,0,0,1,0,4.1
134,360,Romania,21,3,1928,9,2,1934,Type IIb: Non-Aggression Pact,21,3,1928,9,2,1934,0,0,0,0,1,0,4.1
135,640,Turkey,25,5,1928,25,5,1948,Type IIb: Non-Aggression Pact,25,5,1928,25,5,1948,0,0,0,0,1,0,4.1
135,700,Afghanistan,25,5,1928,25,5,1948,Type IIb: Non-Aggression Pact,25,5,1928,25,5,1948,0,0,0,0,1,0,4.1
136,325,Italy,30,5,1928,18,11,1935,Type IIa: Non-Aggression Pact,30,5,1928,18,11,1935,0,0,0,1,0,0,4.1
136,640,Turkey,30,5,1928,18,11,1935,Type IIa: Non-Aggression Pact,30,5,1928,18,11,1935,0,0,0,1,0,0,4.1
137,325,Italy,2,8,1928,3,10,1935,Type IIb: Non-Aggression Pact,2,8,1928,3,10,1935,0,0,0,0,1,0,4.1
137,530,Ethiopia,2,8,1928,3,10,1935,Type IIb: Non-Aggression Pact,2,8,1928,3,10,1935,0,0,0,0,1,0,4.1
138,325,Italy,23,9,1928,18,11,1935,Type IIa: Non-Aggression Pact,23,9,1928,18,11,1935,0,0,0,1,0,1,4.1
138,350,Greece,23,9,1928,18,11,1935,Type IIa: Non-Aggression Pact,23,9,1928,18,11,1935,0,0,0,1,0,1,4.1
139,310,Hungary,5,1,1929,20,1,1945,Type IIa: Non-Aggression Pact,5,1,1929,20,1,1945,0,0,0,1,0,0,4.1
139,640,Turkey,5,1,1929,20,1,1945,Type IIa: Non-Aggression Pact,5,1,1929,20,1,1945,0,0,0,1,0,0,4.1
140,355,Bulgaria,6,3,1929,3,12,1939,Type IIa: Non-Aggression Pact,6,3,1929,3,12,1939,0,0,0,1,0,0,4.1
140,640,Turkey,6,3,1929,3,12,1939,Type IIa: Non-Aggression Pact,6,3,1929,3,12,1939,0,0,0,1,0,0,4.1
141,345,Yugoslavia,27,3,1929,20,4,1941,Type IIa: Non-Aggression Pact,27,3,1929,20,4,1941,0,0,0,1,0,1,4.1
141,350,Greece,27,3,1929,20,4,1941,Type IIa: Non-Aggression Pact,27,3,1929,20,4,1941,0,0,0,1,0,1,4.1
142,220,France,3,2,1930,22,6,1940,Type IIa: Non-Aggression Pact,3,2,1930,22,6,1940,0,0,0,1,0,0,4.1
142,640,Turkey,3,2,1930,22,6,1940,Type IIa: Non-Aggression Pact,3,2,1930,22,6,1940,0,0,0,1,0,0,4.1
143,200,United Kingdom,30,6,1930,5,4,1955,Type I: Defense Pact,3,10,1932,5,4,1955,0,0,1,0,0,1,4.1
143,645,Iraq,30,6,1930,5,4,1955,Type I: Defense Pact,3,10,1932,5,4,1955,0,0,1,0,0,1,4.1
144,350,Greece,30,10,1930,23,4,1941,Type IIa: Non-Aggression Pact,30,10,1930,23,4,1941,0,0,0,1,0,0,4.1
144,640,Turkey,30,10,1930,23,4,1941,Type IIa: Non-Aggression Pact,30,10,1930,23,4,1941,0,0,0,1,0,0,4.1
145,365,Russia,21,1,1932,28,11,1939,Type IIa: Non-Aggression Pact,21,1,1932,28,11,1939,0,0,0,1,1,0,4.1
145,375,Finland,21,1,1932,28,11,1939,Type IIa: Non-Aggression Pact,21,1,1932,28,11,1939,0,0,0,1,1,0,4.1
146,365,Russia,5,2,1932,5,10,1939,Type IIb: Non-Aggression Pact,5,2,1932,5,10,1939,0,0,0,0,1,0,4.1
146,367,Latvia,5,2,1932,5,10,1939,Type IIb: Non-Aggression Pact,5,2,1932,5,10,1939,0,0,0,0,1,0,4.1
147,365,Russia,4,5,1932,28,9,1939,Type IIb: Non-Aggression Pact,4,5,1932,28,9,1939,0,0,0,0,1,0,4.1
147,366,Estonia,4,5,1932,28,9,1939,Type IIb: Non-Aggression Pact,4,5,1932,28,9,1939,0,0,0,0,1,0,4.1
148,290,Poland,25,7,1932,17,9,1939,Type IIa: Non-Aggression Pact,25,7,1932,17,9,1939,0,0,0,1,1,0,4.1
148,365,Russia,25,7,1932,17,9,1939,Type IIa: Non-Aggression Pact,25,7,1932,17,9,1939,0,0,0,1,1,0,4.1
149,220,France,29,11,1932,2,5,1935,Type IIa: Non-Aggression Pact,29,11,1932,2,5,1935,0,0,0,1,1,0,4.1
149,365,Russia,29,11,1932,2,5,1935,Type IIa: Non-Aggression Pact,29,11,1932,2,5,1935,0,0,0,1,1,0,4.1
150,325,Italy,2,9,1933,22,6,1941,Type IIa: Non-Aggression Pact,2,9,1933,22,6,1941,0,0,0,1,1,0,4.1
150,365,Russia,2,9,1933,22,6,1941,Type IIa: Non-Aggression Pact,2,9,1933,22,6,1941,0,0,0,1,1,0,4.1
151,360,Romania,17,10,1933,31,8,1944,Type IIa: Non-Aggression Pact,17,10,1933,31,8,1944,0,0,0,1,1,0,4.1
151,640,Turkey,17,10,1933,31,8,1944,Type IIa: Non-Aggression Pact,17,10,1933,31,8,1944,0,0,0,1,1,0,4.1
152,345,Yugoslavia,27,11,1933,20,4,1941,Type IIb: Non-Aggression Pact,27,11,1933,20,4,1941,0,0,0,0,1,0,4.1
152,640,Turkey,27,11,1933,20,4,1941,Type IIb: Non-Aggression Pact,27,11,1933,20,4,1941,0,0,0,0,1,0,4.1
153,255,Germany,26,1,1934,28,4,1939,Type IIb: Non-Aggression Pact,26,1,1934,28,4,1939,0,0,0,0,1,0,4.1
153,290,Poland,26,1,1934,28,4,1939,Type IIb: Non-Aggression Pact,26,1,1934,28,4,1939,0,0,0,0,1,0,4.1
154,345,Yugoslavia,9,2,1934,28,10,1940,Type I: Defense Pact,9,2,1934,28,10,1940,0,0,1,0,0,1,4.1
154,350,Greece,9,2,1934,28,10,1940,Type I: Defense Pact,9,2,1934,28,10,1940,0,0,1,0,0,1,4.1
154,360,Romania,9,2,1934,28,10,1940,Type I: Defense Pact,9,2,1934,28,10,1940,0,0,1,0,0,1,4.1
154,640,Turkey,9,2,1934,28,10,1940,Type I: Defense Pact,9,2,1934,28,10,1940,0,0,1,0,0,1,4.1
155,305,Austria,17,3,1934,13,3,1938,Type III: Entente,17,3,1934,13,3,1938,0,0,0,0,0,1,4.1
155,310,Hungary,17,3,1934,13,3,1938,Type III: Entente,17,3,1934,13,3,1938,0,0,0,0,0,1,4.1
155,325,Italy,17,3,1934,13,3,1938,Type III: Entente,17,3,1934,13,3,1938,0,0,0,0,0,1,4.1
156,670,Saudi Arabia,20,5,1934,6,11,1962,Type IIb: Non-Aggression Pact,20,5,1934,6,11,1962,0,0,0,1,1,1,4.1
156,678,Yemen Arab Republic,20,5,1934,6,11,1962,Type IIb: Non-Aggression Pact,20,5,1934,6,11,1962,0,0,0,1,1,1,4.1
157,366,Estonia,12,9,1934,15,6,1940,Type III: Entente,12,9,1934,15,6,1940,0,0,0,0,0,1,4.1
157,367,Latvia,12,9,1934,15,6,1940,Type III: Entente,12,9,1934,15,6,1940,0,0,0,0,0,1,4.1
157,368,Lithuania,12,9,1934,15,6,1940,Type III: Entente,12,9,1934,15,6,1940,0,0,0,0,0,1,4.1
158,220,France,7,1,1935,11,10,1935,Type III: Entente,7,1,1935,11,10,1935,0,0,0,0,0,1,4.1
158,325,Italy,7,1,1935,11,10,1935,Type III: Entente,7,1,1935,11,10,1935,0,0,0,0,0,1,4.1
159,220,France,2,5,1935,3,9,1939,Type I: Defense Pact,2,5,1935,3,9,1939,0,0,1,0,0,1,4.1
159,365,Russia,2,5,1935,3,9,1939,Type I: Defense Pact,2,5,1935,3,9,1939,0,0,1,0,0,1,4.1
160,315,Czechoslovakia,16,5,1935,10,12,1989,Type I: Defense Pact,16,5,1935,15,3,1939,0,0,1,1,0,1,4.1
160,315,Czechoslovakia,16,5,1935,10,12,1989,Type I: Defense Pact,10,5,1945,10,12,1989,0,0,1,1,0,1,4.1
160,365,Russia,16,5,1935,10,12,1989,Type I: Defense Pact,16,5,1935,15,3,1939,0,0,1,1,0,1,4.1
160,365,Russia,16,5,1935,10,12,1989,Type I: Defense Pact,10,5,1945,10,12,1989,0,0,1,1,0,1,4.1
161,365,Russia,12,3,1936,25,12,1991,Type I: Defense Pact,12,3,1936,25,12,1991,0,0,1,0,0,0,4.1
161,712,Mongolia,12,3,1936,25,12,1991,Type I: Defense Pact,12,3,1936,25,12,1991,0,0,1,0,0,0,4.1
162,645,Iraq,2,4,1936,2,4,1956,Type III: Entente,2,4,1936,2,4,1956,0,0,0,0,0,1,4.1
162,670,Saudi Arabia,2,4,1936,2,4,1956,Type III: Entente,2,4,1936,2,4,1956,0,0,0,0,0,1,4.1
162,678,Yemen Arab Republic,2,4,1936,2,4,1956,Type III: Entente,29,4,1937,2,4,1956,0,0,0,0,0,1,4.1
163,200,United Kingdom,26,8,1936,8,10,1951,Type I: Defense Pact,26,5,1937,8,10,1951,0,0,1,0,0,1,4.1
163,651,Egypt,26,8,1936,8,10,1951,Type I: Defense Pact,26,5,1937,8,10,1951,0,0,0,0,0,1,4.1
164,230,Spain,25,11,1936,23,8,1939,Type IIa: Non-Aggression Pact,7,4,1939,23,8,1939,0,0,0,1,0,1,4.1
164,255,Germany,25,11,1936,23,8,1939,Type IIa: Non-Aggression Pact,25,11,1936,23,8,1939,0,0,0,1,0,1,4.1
164,310,Hungary,25,11,1936,23,8,1939,Type IIa: Non-Aggression Pact,24,2,1939,23,8,1939,0,0,0,1,0,1,4.1
164,325,Italy,25,11,1936,23,8,1939,Type IIa: Non-Aggression Pact,6,11,1937,23,8,1939,0,0,0,1,0,1,4.1
164,740,Japan,25,11,1936,23,8,1939,Type IIa: Non-Aggression Pact,25,11,1936,23,8,1939,0,0,0,1,0,1,4.1
165,2,United States of America,23,12,1936,23,3,1945,Type III: Entente,23,12,1936,23,3,1945,0,0,0,0,0,1,4.1
165,40,Cuba,23,12,1936,23,3,1945,Type III: Entente,23,12,1936,23,3,1945,0,0,0,0,0,1,4.1
165,41,Haiti,23,12,1936,23,3,1945,Type III: Entente,23,12,1936,23,3,1945,0,0,0,0,0,1,4.1
165,42,Dominican Republic,23,12,1936,23,3,1945,Type III: Entente,23,12,1936,23,3,1945,0,0,0,0,0,1,4.1
165,70,Mexico,23,12,1936,23,3,1945,Type III: Entente,23,12,1936,23,3,1945,0,0,0,0,0,1,4.1
165,90,Guatemala,23,12,1936,23,3,1945,Type III: Entente,23,12,1936,23,3,1945,0,0,0,0,0,1,4.1
165,91,Honduras,23,12,1936,23,3,1945,Type III: Entente,23,12,1936,23,3,1945,0,0,0,0,0,1,4.1
165,92,El Salvador,23,12,1936,23,3,1945,Type III: Entente,23,12,1936,23,3,1945,0,0,0,0,0,1,4.1
165,93,Nicaragua,23,12,1936,23,3,1945,Type III: Entente,23,12,1936,23,3,1945,0,0,0,0,0,1,4.1
165,94,Costa Rica,23,12,1936,23,3,1945,Type III: Entente,23,12,1936,23,3,1945,0,0,0,0,0,1,4.1
165,95,Panama,23,12,1936,23,3,1945,Type III: Entente,23,12,1936,23,3,1945,0,0,0,0,0,1,4.1
165,100,Colombia,23,12,1936,23,3,1945,Type III: Entente,23,12,1936,23,3,1945,0,0,0,0,0,1,4.1
165,101,Venezuela,23,12,1936,23,3,1945,Type III: Entente,23,12,1936,23,3,1945,0,0,0,0,0,1,4.1
165,130,Ecuador,23,12,1936,23,3,1945,Type III: Entente,23,12,1936,23,3,1945,0,0,0,0,0,1,4.1
165,135,Peru,23,12,1936,23,3,1945,Type III: Entente,23,12,1936,23,3,1945,0,0,0,0,0,1,4.1
165,140,Brazil,23,12,1936,23,3,1945,Type III: Entente,23,12,1936,23,3,1945,0,0,0,0,0,1,4.1
165,145,Bolivia,23,12,1936,23,3,1945,Type III: Entente,23,12,1936,23,3,1945,0,0,0,0,0,1,4.1
165,150,Paraguay,23,12,1936,23,3,1945,Type III: Entente,23,12,1936,23,3,1945,0,0,0,0,0,1,4.1
165,155,Chile,23,12,1936,23,3,1945,Type III: Entente,23,12,1936,23,3,1945,0,0,0,0,0,1,4.1
165,160,Argentina,23,12,1936,23,3,1945,Type III: Entente,23,12,1936,23,3,1945,0,0,0,0,0,1,4.1
165,165,Uruguay,23,12,1936,23,3,1945,Type III: Entente,23,12,1936,23,3,1945,0,0,0,0,0,1,4.1
166,325,Italy,25,3,1937,20,4,1941,Type IIa: Non-Aggression Pact,25,3,1937,20,4,1941,0,0,0,1,1,1,4.1
166,345,Yugoslavia,25,3,1937,20,4,1941,Type IIa: Non-Aggression Pact,25,3,1937,20,4,1941,0,0,0,1,1,1,4.1
167,630,Iran,8,7,1937,24,2,1955,Type IIb: Non-Aggression Pact,8,7,1937,24,2,1955,0,0,0,0,1,1,4.1
167,640,Turkey,8,7,1937,24,2,1955,Type IIb: Non-Aggression Pact,8,7,1937,24,2,1955,0,0,0,0,1,1,4.1
167,645,Iraq,8,7,1937,24,2,1955,Type IIb: Non-Aggression Pact,8,7,1937,24,2,1955,0,0,0,0,1,1,4.1
167,700,Afghanistan,8,7,1937,24,2,1955,Type IIb: Non-Aggression Pact,8,7,1937,24,2,1955,0,0,0,0,1,1,4.1
168,365,Russia,21,8,1937,14,8,1945,Type IIa: Non-Aggression Pact,21,8,1937,14,8,1945,0,0,0,1,1,0,4.1
168,710,China,21,8,1937,14,8,1945,Type IIa: Non-Aggression Pact,21,8,1937,14,8,1945,0,0,0,1,1,0,4.1
169,200,United Kingdom,14,9,1937,28,3,1939,Type I: Defense Pact,14,9,1937,28,3,1939,0,0,1,0,0,0,4.1
169,220,France,14,9,1937,28,3,1939,Type I: Defense Pact,14,9,1937,28,3,1939,0,0,1,0,0,0,4.1
169,345,Yugoslavia,14,9,1937,28,3,1939,Type I: Defense Pact,14,9,1937,28,3,1939,0,0,1,0,0,0,4.1
169,350,Greece,14,9,1937,28,3,1939,Type I: Defense Pact,14,9,1937,28,3,1939,0,0,1,0,0,0,4.1
169,355,Bulgaria,14,9,1937,28,3,1939,Type I: Defense Pact,14,9,1937,28,3,1939,0,0,1,0,0,0,4.1
169,360,Romania,14,9,1937,28,3,1939,Type I: Defense Pact,14,9,1937,28,3,1939,0,0,1,0,0,0,4.1
169,365,Russia,14,9,1937,28,3,1939,Type I: Defense Pact,14,9,1937,28,3,1939,0,0,1,0,0,0,4.1
169,640,Turkey,14,9,1937,28,3,1939,Type I: Defense Pact,14,9,1937,28,3,1939,0,0,1,0,0,0,4.1
169,651,Egypt,14,9,1937,28,3,1939,Type I: Defense Pact,14,9,1937,28,3,1939,0,0,1,0,0,0,4.1
170,145,Bolivia,21,7,1938,,,,Type IIb: Non-Aggression Pact,21,7,1938,,,,0,1,0,0,1,0,4.1
170,150,Paraguay,21,7,1938,,,,Type IIb: Non-Aggression Pact,21,7,1938,,,,0,1,0,0,1,0,4.1
171,345,Yugoslavia,31,7,1938,18,6,1940,Type IIb: Non-Aggression Pact,31,7,1938,18,6,1940,0,0,0,0,1,0,4.1
171,350,Greece,31,7,1938,18,6,1940,Type IIb: Non-Aggression Pact,31,7,1938,18,6,1940,0,0,0,0,1,0,4.1
171,355,Bulgaria,31,7,1938,18,6,1940,Type IIb: Non-Aggression Pact,31,7,1938,18,6,1940,0,0,0,0,1,0,4.1
171,360,Romania,31,7,1938,18,6,1940,Type IIb: Non-Aggression Pact,31,7,1938,18,6,1940,0,0,0,0,1,0,4.1
171,640,Turkey,31,7,1938,18,6,1940,Type IIb: Non-Aggression Pact,31,7,1938,18,6,1940,0,0,0,0,1,0,4.1
172,220,France,6,12,1938,3,9,1939,Type III: Entente,6,12,1938,3,9,1939,0,0,0,0,0,1,4.1
172,255,Germany,6,12,1938,3,9,1939,Type III: Entente,6,12,1938,3,9,1939,0,0,0,0,0,1,4.1
173,230,Spain,17,3,1939,22,11,1977,Type IIa: Non-Aggression Pact,17,3,1939,22,11,1977,0,0,0,1,1,0,4.1
173,235,Portugal,17,3,1939,22,11,1977,Type IIa: Non-Aggression Pact,17,3,1939,22,11,1977,0,0,0,1,1,0,4.1
174,200,United Kingdom,6,4,1939,27,9,1939,Type I: Defense Pact,6,4,1939,27,9,1939,0,0,1,0,0,1,4.1
174,290,Poland,6,4,1939,27,9,1939,Type I: Defense Pact,6,4,1939,27,9,1939,0,0,1,0,0,1,4.1
175,255,Germany,22,5,1939,2,9,1943,Type I: Defense Pact,22,5,1939,2,9,1943,0,0,1,0,0,1,4.1
175,325,Italy,22,5,1939,2,9,1943,Type I: Defense Pact,22,5,1939,2,9,1943,0,0,1,0,0,1,4.1
176,255,Germany,31,5,1939,9,4,1940,Type IIa: Non-Aggression Pact,31,5,1939,9,4,1940,0,0,0,1,1,0,4.1
176,390,Denmark,31,5,1939,9,4,1940,Type IIa: Non-Aggression Pact,31,5,1939,9,4,1940,0,0,0,1,1,0,4.1
177,255,Germany,7,6,1939,16,6,1940,Type IIa: Non-Aggression Pact,7,6,1939,16,6,1940,0,0,0,1,1,0,4.1
177,366,Estonia,7,6,1939,16,6,1940,Type IIa: Non-Aggression Pact,7,6,1939,16,6,1940,0,0,0,1,1,0,4.1
178,255,Germany,7,6,1939,16,6,1940,Type IIa: Non-Aggression Pact,7,6,1939,16,6,1940,0,0,0,1,1,0,4.1
178,367,Latvia,7,6,1939,16,6,1940,Type IIa: Non-Aggression Pact,7,6,1939,16,6,1940,0,0,0,1,1,0,4.1
179,220,France,23,6,1939,19,10,1939,Type I: Defense Pact,23,6,1939,19,10,1939,0,0,1,0,0,1,4.1
179,640,Turkey,23,6,1939,19,10,1939,Type I: Defense Pact,23,6,1939,19,10,1939,0,0,1,0,0,1,4.1
180,255,Germany,23,8,1939,22,6,1941,Type IIa: Non-Aggression Pact,23,8,1939,22,6,1941,0,0,0,1,1,0,4.1
180,365,Russia,23,8,1939,22,6,1941,Type IIa: Non-Aggression Pact,23,8,1939,22,6,1941,0,0,0,1,1,0,4.1
181,365,Russia,28,9,1939,16,6,1940,Type I: Defense Pact,28,9,1939,16,6,1940,0,0,1,0,0,0,4.1
181,366,Estonia,28,9,1939,16,6,1940,Type I: Defense Pact,28,9,1939,16,6,1940,0,0,0,0,0,0,4.1
182,365,Russia,5,10,1939,16,6,1940,Type I: Defense Pact,5,10,1939,16,6,1940,0,0,1,0,0,0,4.1
182,367,Latvia,5,10,1939,16,6,1940,Type I: Defense Pact,5,10,1939,16,6,1940,0,0,0,0,0,0,4.1
183,365,Russia,10,10,1939,15,6,1940,Type I: Defense Pact,10,10,1939,14,6,1940,0,0,1,0,0,0,4.1
183,368,Lithuania,10,10,1939,15,6,1940,Type I: Defense Pact,10,10,1939,14,6,1940,0,0,0,0,0,0,4.1
184,200,United Kingdom,19,10,1939,2,9,1945,Type I: Defense Pact,19,10,1939,2,9,1945,0,0,1,0,0,0,4.1
184,220,France,19,10,1939,2,9,1945,Type I: Defense Pact,19,10,1939,22,6,1940,0,0,1,0,0,0,4.1
184,640,Turkey,19,10,1939,2,9,1945,Type I: Defense Pact,19,10,1939,2,9,1945,0,0,1,0,0,0,4.1
185,100,Colombia,17,12,1939,,,,Type IIb: Non-Aggression Pact,17,12,1939,,,,0,1,0,0,1,0,4.1
185,101,Venezuela,17,12,1939,,,,Type IIb: Non-Aggression Pact,17,12,1939,,,,0,1,0,0,1,0,4.1
186,365,Russia,12,3,1940,25,6,1941,Type IIb: Non-Aggression Pact,12,3,1940,25,6,1941,0,0,0,0,1,0,4.1
186,375,Finland,12,3,1940,25,6,1941,Type IIb: Non-Aggression Pact,12,3,1940,25,6,1941,0,0,0,0,1,0,4.1
187,200,United Kingdom,12,6,1940,1,12,1940,Type IIa: Non-Aggression Pact,12,6,1940,1,12,1940,0,0,0,1,1,0,4.1
187,800,Thailand,12,6,1940,1,12,1940,Type IIa: Non-Aggression Pact,12,6,1940,1,12,1940,0,0,0,1,1,0,4.1
188,740,Japan,12,6,1940,21,12,1941,Type IIa: Non-Aggression Pact,12,6,1940,21,12,1941,0,0,0,1,0,0,4.1
188,800,Thailand,12,6,1940,21,12,1941,Type IIa: Non-Aggression Pact,12,6,1940,21,12,1941,0,0,0,1,0,0,4.1
189,255,Germany,27,9,1940,11,12,1941,Type I: Defense Pact,27,9,1940,11,12,1941,0,0,1,0,0,0,4.1
189,310,Hungary,27,9,1940,11,12,1941,Type I: Defense Pact,20,11,1940,11,12,1941,0,0,1,0,0,0,4.1
189,325,Italy,27,9,1940,11,12,1941,Type I: Defense Pact,27,9,1940,11,12,1941,0,0,1,0,0,0,4.1
189,355,Bulgaria,27,9,1940,11,12,1941,Type I: Defense Pact,1,3,1941,11,12,1941,0,0,1,0,0,0,4.1
189,360,Romania,27,9,1940,11,12,1941,Type I: Defense Pact,23,11,1940,11,12,1941,0,0,1,0,0,0,4.1
189,740,Japan,27,9,1940,11,12,1941,Type I: Defense Pact,27,9,1940,11,12,1941,0,0,1,0,0,0,4.1
190,345,Yugoslavia,5,4,1941,20,4,1941,Type IIa: Non-Aggression Pact,5,4,1941,20,4,1941,0,0,0,1,1,0,4.1
190,365,Russia,5,4,1941,20,4,1941,Type IIa: Non-Aggression Pact,5,4,1941,20,4,1941,0,0,0,1,1,0,4.1
191,365,Russia,13,4,1941,5,4,1945,Type IIa: Non-Aggression Pact,13,4,1941,5,4,1945,0,0,0,1,0,0,4.1
191,740,Japan,13,4,1941,5,4,1945,Type IIa: Non-Aggression Pact,13,4,1941,5,4,1945,0,0,0,1,0,0,4.1
192,255,Germany,18,6,1941,8,5,1945,Type IIb: Non-Aggression Pact,18,6,1941,8,5,1945,0,0,0,0,1,0,4.1
192,640,Turkey,18,6,1941,8,5,1945,Type IIb: Non-Aggression Pact,18,6,1941,8,5,1945,0,0,0,0,1,0,4.1
193,200,United Kingdom,12,7,1941,7,5,1955,Type I: Defense Pact,12,7,1941,7,5,1955,0,0,1,0,0,0,4.1
193,365,Russia,12,7,1941,7,5,1955,Type I: Defense Pact,12,7,1941,7,5,1955,0,0,1,0,0,0,4.1
194,740,Japan,21,12,1941,11,9,1945,Type I: Defense Pact,21,12,1941,11,9,1945,0,0,1,0,0,0,4.1
194,800,Thailand,21,12,1941,11,9,1945,Type I: Defense Pact,21,12,1941,11,9,1945,0,0,1,0,0,0,4.1
195,200,United Kingdom,29,1,1942,19,3,1946,Type I: Defense Pact,29,1,1942,19,3,1946,0,0,1,0,0,1,4.1
195,365,Russia,29,1,1942,19,3,1946,Type I: Defense Pact,29,1,1942,19,3,1946,0,0,1,0,0,1,4.1
195,630,Iran,29,1,1942,19,3,1946,Type I: Defense Pact,29,1,1942,19,3,1946,0,0,1,0,0,1,4.1
196,900,Australia,21,1,1944,1,9,1951,Type I: Defense Pact,21,1,1944,1,9,1951,0,0,1,0,0,1,4.1
196,920,New Zealand,21,1,1944,1,9,1951,Type I: Defense Pact,21,1,1944,1,9,1951,0,0,1,0,0,1,4.1
197,220,France,10,12,1944,7,5,1955,Type I: Defense Pact,10,12,1944,7,5,1955,0,0,1,0,0,1,4.1
197,365,Russia,10,12,1944,7,5,1955,Type I: Defense Pact,10,12,1944,7,5,1955,0,0,1,0,0,1,4.1
198,2,United States of America,6,3,1945,2,9,1947,Type I: Defense Pact,6,3,1945,2,9,1947,0,0,1,0,0,1,4.1
198,40,Cuba,6,3,1945,2,9,1947,Type I: Defense Pact,6,3,1945,2,9,1947,0,0,1,0,0,1,4.1
198,41,Haiti,6,3,1945,2,9,1947,Type I: Defense Pact,6,3,1945,2,9,1947,0,0,1,0,0,1,4.1
198,42,Dominican Republic,6,3,1945,2,9,1947,Type I: Defense Pact,6,3,1945,2,9,1947,0,0,1,0,0,1,4.1
198,70,Mexico,6,3,1945,2,9,1947,Type I: Defense Pact,6,3,1945,2,9,1947,0,0,1,0,0,1,4.1
198,90,Guatemala,6,3,1945,2,9,1947,Type I: Defense Pact,6,3,1945,2,9,1947,0,0,1,0,0,1,4.1
198,91,Honduras,6,3,1945,2,9,1947,Type I: Defense Pact,6,3,1945,2,9,1947,0,0,1,0,0,1,4.1
198,93,Nicaragua,6,3,1945,2,9,1947,Type I: Defense Pact,6,3,1945,2,9,1947,0,0,1,0,0,1,4.1
198,94,Costa Rica,6,3,1945,2,9,1947,Type I: Defense Pact,6,3,1945,2,9,1947,0,0,1,0,0,1,4.1
198,95,Panama,6,3,1945,2,9,1947,Type I: Defense Pact,6,3,1945,2,9,1947,0,0,1,0,0,1,4.1
198,100,Colombia,6,3,1945,2,9,1947,Type I: Defense Pact,6,3,1945,2,9,1947,0,0,1,0,0,1,4.1
198,101,Venezuela,6,3,1945,2,9,1947,Type I: Defense Pact,6,3,1945,2,9,1947,0,0,1,0,0,1,4.1
198,130,Ecuador,6,3,1945,2,9,1947,Type I: Defense Pact,6,3,1945,2,9,1947,0,0,1,0,0,1,4.1
198,135,Peru,6,3,1945,2,9,1947,Type I: Defense Pact,6,3,1945,2,9,1947,0,0,1,0,0,1,4.1
198,140,Brazil,6,3,1945,2,9,1947,Type I: Defense Pact,6,3,1945,2,9,1947,0,0,1,0,0,1,4.1
198,145,Bolivia,6,3,1945,2,9,1947,Type I: Defense Pact,6,3,1945,2,9,1947,0,0,1,0,0,1,4.1
198,150,Paraguay,6,3,1945,2,9,1947,Type I: Defense Pact,6,3,1945,2,9,1947,0,0,1,0,0,1,4.1
198,155,Chile,6,3,1945,2,9,1947,Type I: Defense Pact,6,3,1945,2,9,1947,0,0,1,0,0,1,4.1
198,160,Argentina,6,3,1945,2,9,1947,Type I: Defense Pact,6,3,1945,2,9,1947,0,0,1,0,0,1,4.1
198,165,Uruguay,6,3,1945,2,9,1947,Type I: Defense Pact,6,3,1945,2,9,1947,0,0,1,0,0,1,4.1
199,435,Mauritania,22,3,1945,,,,Type III: Entente,22,1,1973,,,,0,1,0,0,1,1,4.1
199,520,Somalia,22,3,1945,,,,Type III: Entente,22,1,1974,,,,0,1,0,0,1,1,4.1
199,522,Djibouti,22,3,1945,,,,Type III: Entente,22,1,1975,,,,0,1,0,0,1,1,4.1
199,600,Morocco,22,3,1945,,,,Type III: Entente,22,1,1958,,,,0,1,0,0,1,1,4.1
199,615,Algeria,22,3,1945,,,,Type III: Entente,22,1,1962,,,,0,1,0,0,1,1,4.1
199,616,Tunisia,22,3,1945,,,,Type III: Entente,22,1,1958,,,,0,1,0,0,1,1,4.1
199,620,Libya,22,3,1945,,,,Type III: Entente,22,1,1953,,,,0,1,0,0,1,1,4.1
199,625,Sudan,22,3,1945,,,,Type III: Entente,22,1,1955,,,,0,1,0,0,1,1,4.1
199,645,Iraq,22,3,1945,,,,Type III: Entente,22,3,1945,,,,0,1,0,0,1,1,4.1
199,651,Egypt,22,3,1945,,,,Type III: Entente,22,3,1945,31,3,1979,0,0,0,0,1,1,4.1
199,651,Egypt,22,3,1945,,,,Type III: Entente,22,5,1989,,,,0,1,0,0,1,1,4.1
199,652,Syria,22,3,1945,,,,Type III: Entente,22,3,1945,,,,0,1,0,0,1,1,4.1
199,660,Lebanon,22,3,1945,,,,Type III: Entente,22,3,1945,,,,0,1,0,0,1,1,4.1
199,663,Jordan,22,3,1945,,,,Type III: Entente,22,3,1945,,,,0,1,0,0,1,1,4.1
199,670,Saudi Arabia,22,3,1945,,,,Type III: Entente,22,3,1945,,,,0,1,0,0,1,1,4.1
199,678,Yemen Arab Republic,22,3,1945,,,,Type III: Entente,22,3,1945,21,5,1990,0,0,0,0,1,1,4.1
199,679,Yemen,22,3,1945,,,,Type III: Entente,22,5,1990,,,,0,1,0,0,1,1,4.1
199,680,Yemen People's Republic,22,3,1945,,,,Type III: Entente,22,9,1971,21,5,1990,0,0,0,0,1,1,4.1
199,690,Kuwait,22,3,1945,,,,Type III: Entente,22,1,1964,,,,0,1,0,0,1,1,4.1
199,692,Bahrain,22,3,1945,,,,Type III: Entente,22,1,1971,,,,0,1,0,0,1,1,4.1
199,694,Qatar,22,3,1945,,,,Type III: Entente,22,1,1971,,,,0,1,0,0,1,1,4.1
199,696,United Arab Emirates,22,3,1945,,,,Type III: Entente,22,1,1972,,,,0,1,0,0,1,1,4.1
199,698,Oman,22,3,1945,,,,Type III: Entente,22,1,1971,,,,0,1,0,0,1,1,4.1
200,345,Yugoslavia,11,4,1945,28,9,1949,Type I: Defense Pact,11,4,1945,28,9,1949,0,0,1,0,0,0,4.1
200,365,Russia,11,4,1945,28,9,1949,Type I: Defense Pact,11,4,1945,28,9,1949,0,0,1,0,0,0,4.1
201,290,Poland,21,4,1945,7,8,1989,Type I: Defense Pact,21,4,1945,7,8,1989,0,0,1,0,0,0,4.1
201,365,Russia,21,4,1945,7,8,1989,Type I: Defense Pact,21,4,1945,7,8,1989,0,0,1,0,0,0,4.1
202,365,Russia,14,8,1945,1,10,1949,Type I: Defense Pact,14,8,1945,1,10,1949,0,0,1,0,0,0,4.1
202,710,China,14,8,1945,1,10,1949,Type I: Defense Pact,14,8,1945,1,10,1949,0,0,1,0,0,0,4.1
203,290,Poland,18,3,1946,21,10,1949,Type I: Defense Pact,18,3,1946,21,10,1949,0,0,1,0,1,1,4.1
203,345,Yugoslavia,18,3,1946,21,10,1949,Type I: Defense Pact,18,3,1946,21,10,1949,0,0,1,0,1,1,4.1
204,200,United Kingdom,22,3,1946,29,10,1956,Type I: Defense Pact,22,3,1946,29,10,1956,0,0,1,0,0,1,4.1
204,663,Jordan,22,3,1946,29,10,1956,Type I: Defense Pact,22,3,1946,29,10,1956,0,0,0,0,0,1,4.1
205,315,Czechoslovakia,9,5,1946,21,10,1949,Type I: Defense Pact,9,5,1946,21,10,1949,0,0,1,0,0,0,4.1
205,345,Yugoslavia,9,5,1946,21,10,1949,Type I: Defense Pact,9,5,1946,21,10,1949,0,0,1,0,0,0,4.1
206,339,Albania,9,7,1946,21,10,1949,Type I: Defense Pact,9,7,1946,21,10,1949,0,0,1,0,0,0,4.1
206,345,Yugoslavia,9,7,1946,21,10,1949,Type I: Defense Pact,9,7,1946,21,10,1949,0,0,1,0,0,0,4.1
207,200,United Kingdom,4,3,1947,17,3,1948,Type I: Defense Pact,4,3,1947,17,3,1948,0,0,1,0,0,1,4.1
207,220,France,4,3,1947,17,3,1948,Type I: Defense Pact,4,3,1947,17,3,1948,0,0,1,0,0,1,4.1
208,290,Poland,10,3,1947,7,8,1989,Type I: Defense Pact,10,3,1947,7,8,1989,0,0,1,0,0,0,4.1
208,315,Czechoslovakia,10,3,1947,7,8,1989,Type I: Defense Pact,10,3,1947,7,8,1989,0,0,1,0,0,0,4.1
209,645,Iraq,14,4,1947,15,7,1958,Type III: Entente,14,4,1947,15,7,1958,0,0,0,0,0,1,4.1
209,663,Jordan,14,4,1947,15,7,1958,Type III: Entente,14,4,1947,15,7,1958,0,0,0,0,0,1,4.1
210,2,United States of America,2,9,1947,,,,Type I: Defense Pact,2,9,1947,,,,0,1,1,0,1,1,4.1
210,20,Canada,2,9,1947,,,,Type I: Defense Pact,13,11,1989,,,,0,1,1,0,1,1,4.1
210,31,Bahamas,2,9,1947,,,,Type I: Defense Pact,3,3,1982,,,,0,1,1,0,1,1,4.1
210,40,Cuba,2,9,1947,,,,Type I: Defense Pact,2,9,1947,22,1,1962,0,0,1,0,1,1,4.1
210,41,Haiti,2,9,1947,,,,Type I: Defense Pact,2,9,1947,,,,0,1,1,0,1,1,4.1
210,42,Dominican Republic,2,9,1947,,,,Type I: Defense Pact,2,9,1947,,,,0,1,1,0,1,1,4.1
210,51,Jamaica,2,9,1947,,,,Type I: Defense Pact,27,6,1969,,,,0,1,1,0,1,1,4.1
210,52,Trinidad and Tobago,2,9,1947,,,,Type I: Defense Pact,13,3,1967,,,,0,1,1,0,0,1,4.1
210,53,Barbados,2,9,1947,,,,Type I: Defense Pact,9,10,1967,,,,0,1,1,0,1,1,4.1
210,54,Dominica,2,9,1947,,,,Type I: Defense Pact,22,5,1979,,,,0,1,1,0,1,1,4.1
210,55,Grenada,2,9,1947,,,,Type I: Defense Pact,13,5,1975,,,,0,1,1,0,1,1,4.1
210,56,St. Lucia,2,9,1947,,,,Type I: Defense Pact,22,5,1979,,,,0,1,1,0,1,1,4.1
210,57,St. Vincent and the Grenadines,2,9,1947,,,,Type I: Defense Pact,3,12,1981,,,,0,1,1,0,1,1,4.1
210,58,Antigua & Barbuda,2,9,1947,,,,Type I: Defense Pact,3,12,1981,,,,0,1,1,0,1,1,4.1
210,60,St. Kitts and Nevis,2,9,1947,,,,Type I: Defense Pact,12,3,1984,,,,0,1,1,0,1,1,4.1
210,70,Mexico,2,9,1947,,,,Type I: Defense Pact,2,9,1947,,,,0,1,1,0,1,1,4.1
210,80,Belize,2,9,1947,,,,Type I: Defense Pact,8,1,1991,,,,0,1,1,0,1,1,4.1
210,90,Guatemala,2,9,1947,,,,Type I: Defense Pact,2,9,1947,,,,0,1,1,0,1,1,4.1
210,91,Honduras,2,9,1947,,,,Type I: Defense Pact,2,9,1947,,,,0,1,1,0,1,1,4.1
210,92,El Salvador,2,9,1947,,,,Type I: Defense Pact,2,9,1947,,,,0,1,1,0,1,1,4.1
210,93,Nicaragua,2,9,1947,,,,Type I: Defense Pact,2,9,1947,,,,0,1,1,0,1,1,4.1
210,94,Costa Rica,2,9,1947,,,,Type I: Defense Pact,2,9,1947,,,,0,1,1,0,1,1,4.1
210,95,Panama,2,9,1947,,,,Type I: Defense Pact,2,9,1947,,,,0,1,1,0,1,1,4.1
210,100,Colombia,2,9,1947,,,,Type I: Defense Pact,2,9,1947,,,,0,1,1,0,1,1,4.1
210,101,Venezuela,2,9,1947,,,,Type I: Defense Pact,2,9,1947,,,,0,1,1,0,1,1,4.1
210,110,Guyana,2,9,1947,,,,Type I: Defense Pact,8,1,1991,,,,0,1,1,0,1,1,4.1
210,115,Suriname,2,9,1947,,,,Type I: Defense Pact,22,2,1977,,,,0,1,1,0,1,1,4.1
210,130,Ecuador,2,9,1947,,,,Type I: Defense Pact,2,9,1947,,,,0,1,1,0,0,1,4.1
210,135,Peru,2,9,1947,,,,Type I: Defense Pact,2,9,1947,,,,0,1,1,0,0,1,4.1
210,140,Brazil,2,9,1947,,,,Type I: Defense Pact,2,9,1947,,,,0,1,1,0,1,1,4.1
210,145,Bolivia,2,9,1947,,,,Type I: Defense Pact,2,9,1947,,,,0,1,1,0,1,1,4.1
210,150,Paraguay,2,9,1947,,,,Type I: Defense Pact,2,9,1947,,,,0,1,1,0,0,1,4.1
210,155,Chile,2,9,1947,,,,Type I: Defense Pact,2,9,1947,,,,0,1,1,0,1,1,4.1
210,160,Argentina,2,9,1947,,,,Type I: Defense Pact,2,9,1947,,,,0,1,1,0,1,1,4.1
210,165,Uruguay,2,9,1947,,,,Type I: Defense Pact,2,9,1947,,,,0,1,1,0,0,1,4.1
211,310,Hungary,8,12,1947,21,10,1949,Type I: Defense Pact,8,12,1947,21,10,1949,0,0,1,0,1,1,4.1
211,345,Yugoslavia,8,12,1947,21,10,1949,Type I: Defense Pact,8,12,1947,21,10,1949,0,0,1,0,1,1,4.1
212,339,Albania,16,12,1947,16,12,1967,Type I: Defense Pact,16,12,1947,16,12,1967,0,0,1,0,1,1,4.1
212,355,Bulgaria,16,12,1947,16,12,1967,Type I: Defense Pact,16,12,1947,16,12,1967,0,0,1,0,1,1,4.1
213,345,Yugoslavia,19,12,1947,21,10,1949,Type I: Defense Pact,19,12,1947,21,10,1949,0,0,1,0,1,1,4.1
213,360,Romania,19,12,1947,21,10,1949,Type I: Defense Pact,19,12,1947,21,10,1949,0,0,1,0,1,1,4.1
214,355,Bulgaria,16,1,1948,10,11,1989,Type I: Defense Pact,19,11,1970,10,11,1989,0,0,1,0,1,1,4.1
214,360,Romania,16,1,1948,10,11,1989,Type I: Defense Pact,19,11,1970,10,11,1989,0,0,1,0,1,1,4.1
215,310,Hungary,24,1,1948,8,5,1989,Type I: Defense Pact,24,1,1948,8,5,1989,0,0,1,0,1,1,4.1
215,360,Romania,24,1,1948,8,5,1989,Type I: Defense Pact,24,1,1948,8,5,1989,0,0,1,0,1,1,4.1
216,360,Romania,4,2,1948,12,12,1989,Type I: Defense Pact,4,2,1948,12,12,1989,0,0,1,0,1,0,4.1
216,365,Russia,4,2,1948,12,12,1989,Type I: Defense Pact,4,2,1948,12,12,1989,0,0,1,0,1,0,4.1
217,310,Hungary,18,2,1948,7,10,1989,Type I: Defense Pact,18,2,1948,7,10,1989,0,0,1,0,1,0,4.1
217,365,Russia,18,2,1948,7,10,1989,Type I: Defense Pact,18,2,1948,7,10,1989,0,0,1,0,1,0,4.1
218,200,United Kingdom,17,3,1948,,,,Type I: Defense Pact,17,3,1948,,,,0,1,1,0,0,1,4.1
218,210,Netherlands,17,3,1948,,,,Type I: Defense Pact,17,3,1948,,,,0,1,1,0,0,1,4.1
218,211,Belgium,17,3,1948,,,,Type I: Defense Pact,17,3,1948,,,,0,1,1,0,0,1,4.1
218,212,Luxembourg,17,3,1948,,,,Type I: Defense Pact,17,3,1948,,,,0,1,1,0,0,1,4.1
218,220,France,17,3,1948,,,,Type I: Defense Pact,17,3,1948,,,,0,1,1,0,0,1,4.1
218,230,Spain,17,3,1948,,,,Type I: Defense Pact,14,11,1988,,,,0,1,1,0,0,1,4.1
218,235,Portugal,17,3,1948,,,,Type I: Defense Pact,14,11,1988,,,,0,1,1,0,0,1,4.1
218,260,German Federal Republic,17,3,1948,,,,Type I: Defense Pact,5,5,1955,,,,0,1,1,0,0,1,4.1
218,325,Italy,17,3,1948,,,,Type I: Defense Pact,23,10,1954,,,,0,1,1,0,0,1,4.1
218,350,Greece,17,3,1948,,,,Type I: Defense Pact,20,11,1992,,,,0,1,1,0,0,1,4.1
219,355,Bulgaria,18,3,1948,10,11,1989,Type I: Defense Pact,18,3,1948,10,11,1989,0,0,1,0,1,0,4.1
219,365,Russia,18,3,1948,10,11,1989,Type I: Defense Pact,18,3,1948,10,11,1989,0,0,1,0,1,0,4.1
220,365,Russia,6,4,1948,25,12,1991,Type I: Defense Pact,6,4,1948,25,12,1991,0,0,1,0,0,1,4.1
220,375,Finland,6,4,1948,25,12,1991,Type I: Defense Pact,6,4,1948,25,12,1991,0,0,1,0,0,1,4.1
221,315,Czechoslovakia,23,4,1948,10,11,1989,Type I: Defense Pact,26,4,1968,10,11,1989,0,0,1,0,1,0,4.1
221,355,Bulgaria,23,4,1948,10,11,1989,Type I: Defense Pact,26,4,1968,10,11,1989,0,0,1,0,1,0,4.1
222,290,Poland,29,5,1948,7,8,1989,Type I: Defense Pact,29,5,1948,7,8,1989,0,0,1,0,1,0,4.1
222,355,Bulgaria,29,5,1948,7,8,1989,Type I: Defense Pact,29,5,1948,7,8,1989,0,0,1,0,1,0,4.1
223,290,Poland,18,6,1948,7,8,1989,Type I: Defense Pact,18,6,1948,7,8,1989,0,0,1,0,1,0,4.1
223,310,Hungary,18,6,1948,7,8,1989,Type I: Defense Pact,18,6,1948,7,8,1989,0,0,1,0,1,0,4.1
224,310,Hungary,16,7,1948,7,10,1989,Type I: Defense Pact,16,7,1948,7,10,1989,0,0,1,0,1,0,4.1
224,355,Bulgaria,16,7,1948,7,10,1989,Type I: Defense Pact,16,7,1948,7,10,1989,0,0,1,0,1,0,4.1
225,315,Czechoslovakia,21,7,1948,10,12,1989,Type I: Defense Pact,21,7,1948,10,12,1989,0,0,1,0,1,0,4.1
225,360,Romania,21,7,1948,10,12,1989,Type I: Defense Pact,21,7,1948,10,12,1989,0,0,1,0,1,0,4.1
