,StartDate2,EndDate1,StartDate1,EndDate2,WarNum,WarName,WarType,ccode,StateName,Side,TransFrom,WhereFought,Initiator,Outcome,TransTo,BatDeath,Version,SameSide,OppositeSide,AlliesWithinWar,AlliesBeforeWar,AlliesAfterWar,AlliesGainedDuringWar,AlliesLostDuringWar,AlliesGained2YearsBeforeWar,AlliesLost2YearsBeforeWar,AlliesGained2YearsAfterWar,AlliesLost2YearsAfterWar
0,2008-08-08,1823-11-13 00:00:00,1823-04-07 00:00:00,2008-08-08,1,Franco-Spanish War,1,230,Spain,2,503,2,2,2,-8,600,4,[],[220L],['None'],['None'],['None'],['None'],['None'],['None'],['None'],['None'],['None']
1,2008-08-08,1823-11-13 00:00:00,1823-04-07 00:00:00,2008-08-08,1,Franco-Spanish War,1,220,France,1,503,2,1,1,-8,400,4,[],[230L],['None'],['None'],['None'],['None'],['None'],['None'],['None'],['None'],['None']
2,2008-08-08,1829-09-14 00:00:00,1828-04-26 00:00:00,2008-08-08,4,First Russo-Turkish,1,640,Ottoman Empire,2,506,11,2,2,-8,80000,4,[],[365L],['None'],['None'],['None'],['None'],['None'],['None'],['None'],['None'],['None']
3,2008-08-08,1829-09-14 00:00:00,1828-04-26 00:00:00,2008-08-08,4,First Russo-Turkish,1,365,Russia,1,506,11,1,1,-8,50000,4,[],[640L],"[200L, 220L]",['None'],['None'],['None'],"[200L, 220L]","[200L, 220L]",['None'],['None'],"[200L, 220L]"
4,2008-08-08,1847-09-14 00:00:00,1846-04-25 00:00:00,2008-08-08,7,Mexican-American,1,70,Mexico,2,-8,1,2,2,-8,6000,4,[],[2L],['None'],['None'],['None'],['None'],['None'],['None'],['None'],['None'],['None']
5,2008-08-08,1847-09-14 00:00:00,1846-04-25 00:00:00,2008-08-08,7,Mexican-American,1,2,United States of America,1,-8,1,1,1,-8,13283,4,[],[70L],['None'],['None'],['None'],['None'],['None'],['None'],['None'],['None'],['None']
6,2008-08-08,1848-08-09 00:00:00,1848-03-29 00:00:00,2008-08-08,10,Austro-Sardinian,1,337,Tuscany,2,-8,2,2,2,-8,100,4,"[325L, 332L]",[300L],['None'],['None'],['None'],['None'],[300L],['None'],[300L],['None'],['None']
7,1849-03-12 00:00:00,1848-08-09 00:00:00,1848-03-24 00:00:00,1849-03-30 00:00:00,10,Austro-Sardinian,1,325,Italy,2,551,2,1,2,-8,3400,4,"[337L, 332L]",[300L],['None'],['None'],['None'],['None'],[300L],['None'],"[300L, 329L]",['None'],['None']
8,1849-03-12 00:00:00,1848-08-09 00:00:00,1848-03-24 00:00:00,1849-03-30 00:00:00,10,Austro-Sardinian,1,300,Austria,1,551,2,2,1,-8,3927,4,[],"[337L, 325L, 332L]","[240L, 240L, 245L, 245L, 255L, 255L, 267L, 267L, 269L, 269L, 271L, 271L, 273L, 273L, 275L, 275L, 280L, 280L, 240L, 240L, 245L, 245L, 255L, 255L, 267L, 267L, 269L, 269L, 271L, 271L, 273L, 273L, 275L, 275L, 280L, 280L, 255L, 365L, 365L, 332L, 335L]","[240L, 240L, 245L, 245L, 255L, 255L, 267L, 267L, 269L, 269L, 271L, 271L, 273L, 273L, 275L, 275L, 280L, 280L, 240L, 240L, 245L, 245L, 255L, 255L, 267L, 267L, 269L, 269L, 271L, 271L, 273L, 273L, 275L, 275L, 280L, 280L, 255L, 365L, 365L]","[240L, 240L, 245L, 245L, 255L, 255L, 267L, 267L, 269L, 269L, 271L, 271L, 273L, 273L, 275L, 275L, 280L, 280L, 240L, 240L, 245L, 245L, 255L, 255L, 267L, 267L, 269L, 269L, 271L, 271L, 273L, 273L, 275L, 275L, 280L, 280L, 255L, 365L, 365L, 332L, 335L]",['None'],"[337L, 325L]","[332L, 335L]","[325L, 255L, 365L]",['None'],['None']
9,2008-08-08,1848-08-09 00:00:00,1848-04-09 00:00:00,2008-08-08,10,Austro-Sardinian,1,332,Modena,2,-8,2,2,2,-8,100,4,"[337L, 325L]",[300L],[300L],['None'],[300L],['None'],['None'],[300L],['None'],['None'],['None']
10,1849-03-25 00:00:00,1848-08-26 00:00:00,1848-04-10 00:00:00,1849-07-10 00:00:00,13,First Schleswig-Holstein,1,255,Prussia,1,-8,2,1,1,-8,2500,4,[],[390L],"[240L, 240L, 245L, 245L, 267L, 267L, 269L, 269L, 271L, 271L, 273L, 273L, 275L, 275L, 280L, 280L, 300L, 300L, 240L, 240L, 245L, 245L, 267L, 267L, 269L, 269L, 271L, 271L, 273L, 273L, 275L, 275L, 280L, 280L, 300L, 300L, 300L, 365L]","[240L, 240L, 245L, 245L, 267L, 267L, 269L, 269L, 271L, 271L, 273L, 273L, 275L, 275L, 280L, 280L, 300L, 300L, 240L, 240L, 245L, 245L, 267L, 267L, 269L, 269L, 271L, 271L, 273L, 273L, 275L, 275L, 280L, 280L, 300L, 300L, 300L, 365L]","[240L, 240L, 245L, 245L, 267L, 267L, 269L, 269L, 271L, 271L, 273L, 273L, 275L, 275L, 280L, 280L, 300L, 300L, 240L, 240L, 245L, 245L, 267L, 267L, 269L, 269L, 271L, 271L, 273L, 273L, 275L, 275L, 280L, 280L, 300L, 300L, 300L, 365L]",['None'],['None'],['None'],"[300L, 365L, 365L]","[240L, 269L]","[240L, 269L]"
11,1849-03-25 00:00:00,1848-08-26 00:00:00,1848-04-10 00:00:00,1849-07-10 00:00:00,13,First Schleswig-Holstein,1,390,Denmark,2,-8,2,2,2,-8,3500,4,[],[255L],['None'],['None'],['None'],['None'],['None'],['None'],['None'],['None'],['None']
12,2008-08-08,1849-07-02 00:00:00,1849-04-30 00:00:00,2008-08-08,16,Roman Republic,1,220,France,1,-8,2,1,1,-8,1000,4,"[329L, 300L]",[327L],['None'],['None'],['None'],['None'],['None'],"[200L, 230L, 235L]","[200L, 230L, 235L]",['None'],['None']
13,2008-08-08,1849-07-02 00:00:00,1849-05-08 00:00:00,2008-08-08,16,Roman Republic,1,329,Two Sicilies,1,-8,2,2,1,-8,100,4,"[220L, 300L]",[327L],['None'],['None'],['None'],['None'],['None'],['None'],[325L],['None'],['None']
14,2008-08-08,1849-07-02 00:00:00,1849-05-08 00:00:00,2008-08-08,16,Roman Republic,1,300,Austria,1,-8,2,2,1,-8,100,4,"[220L, 329L]",[327L],"[240L, 240L, 245L, 245L, 255L, 255L, 267L, 267L, 269L, 269L, 271L, 271L, 273L, 273L, 275L, 275L, 280L, 280L, 240L, 240L, 245L, 245L, 255L, 255L, 267L, 267L, 269L, 269L, 271L, 271L, 273L, 273L, 275L, 275L, 280L, 280L, 255L, 365L, 365L, 332L, 335L]","[240L, 240L, 245L, 245L, 255L, 255L, 267L, 267L, 269L, 269L, 271L, 271L, 273L, 273L, 275L, 275L, 280L, 280L, 240L, 240L, 245L, 245L, 255L, 255L, 267L, 267L, 269L, 269L, 271L, 271L, 273L, 273L, 275L, 275L, 280L, 280L, 255L, 365L, 365L]","[240L, 240L, 245L, 245L, 255L, 255L, 267L, 267L, 269L, 269L, 271L, 271L, 273L, 273L, 275L, 275L, 280L, 280L, 240L, 240L, 245L, 245L, 255L, 255L, 267L, 267L, 269L, 269L, 271L, 271L, 273L, 273L, 275L, 275L, 280L, 280L, 255L, 365L, 365L, 332L, 335L]",['None'],['None'],"[332L, 335L]","[337L, 325L, 255L, 365L]","[245L, 271L, 255L]","[245L, 271L]"
15,2008-08-08,1849-07-02 00:00:00,1849-04-30 00:00:00,2008-08-08,16,Roman Republic,1,327,Papal States,2,-8,2,2,2,-8,1400,4,[],"[220L, 329L, 300L]",['None'],['None'],['None'],['None'],['None'],['None'],['None'],['None'],['None']
16,2008-08-08,1852-02-03 00:00:00,1851-07-19 00:00:00,2008-08-08,19,La Plata,1,160,Argentina,2,327,1,2,2,-8,800,4,[],[140L],['None'],['None'],['None'],['None'],['None'],['None'],['None'],['None'],['None']
17,2008-08-08,1852-02-03 00:00:00,1851-07-19 00:00:00,2008-08-08,19,La Plata,1,140,Brazil,1,327,1,1,1,-8,500,4,[],[160L],['None'],['None'],['None'],['None'],['None'],['None'],['None'],['None'],['None']
18,2008-08-08,1856-03-01 00:00:00,1853-10-23 00:00:00,2008-08-08,22,Crimean,1,640,Turkey,1,-8,2,1,1,-8,45000,4,"[325L, 220L, 200L]",[365L],['None'],['None'],['None'],"[200L, 220L, 325L, 300L]",['None'],['None'],['None'],['None'],"[200L, 220L, 325L, 300L]"
19,2008-08-08,1856-03-01 00:00:00,1855-01-10 00:00:00,2008-08-08,22,Crimean,1,325,Italy,1,-8,2,2,1,-8,2200,4,"[640L, 220L, 200L]",[365L],"[200L, 220L, 640L, 200L, 220L]",['None'],['None'],['None'],['None'],"[200L, 220L, 640L, 200L, 220L]",['None'],['None'],"[200L, 220L, 640L, 200L, 220L]"
20,2008-08-08,1856-03-01 00:00:00,1854-03-31 00:00:00,2008-08-08,22,Crimean,1,220,France,1,-8,2,2,1,-8,95000,4,"[640L, 325L, 200L]",[365L],"[200L, 325L, 640L]",['None'],['None'],"[200L, 325L, 200L, 300L, 300L, 200L, 380L]",['None'],"[200L, 325L, 640L]",['None'],"[200L, 300L]","[200L, 325L, 640L, 200L, 325L, 200L, 300L, 300L, 200L, 380L]"
21,2008-08-08,1856-03-01 00:00:00,1854-03-31 00:00:00,2008-08-08,22,Crimean,1,200,United Kingdom,1,-8,2,2,1,-8,22000,4,"[640L, 325L, 220L]",[365L],"[380L, 220L, 325L, 640L]",[380L],[380L],"[220L, 325L, 220L, 300L, 220L, 380L]",['None'],"[220L, 325L, 640L]",['None'],"[220L, 300L]","[220L, 325L, 640L, 220L, 325L, 220L, 300L, 220L, 380L]"
22,2008-08-08,1856-03-01 00:00:00,1853-10-23 00:00:00,2008-08-08,22,Crimean,1,365,Russia,2,-8,2,2,2,-8,100000,4,[],"[640L, 325L, 220L, 200L]",['None'],['None'],['None'],['None'],['None'],['None'],"[255L, 300L, 300L]",['None'],['None']
23,2008-08-08,1857-04-05 00:00:00,1856-10-25 00:00:00,2008-08-08,25,Anglo-Persian,1,200,United Kingdom,1,-8,6,1,1,-8,500,4,[],[630L],"[380L, 220L, 300L]",[380L],"[380L, 220L, 300L]",['None'],['None'],"[220L, 300L, 220L, 380L, 220L, 300L]","[220L, 325L, 640L, 220L, 325L, 220L, 300L, 220L, 380L]",['None'],['None']
24,2008-08-08,1857-04-05 00:00:00,1856-10-25 00:00:00,2008-08-08,25,Anglo-Persian,1,630,Iran,2,-8,6,2,2,-8,1500,4,[],[200L],['None'],['None'],['None'],['None'],['None'],['None'],['None'],['None'],['None']
25,2008-08-08,1859-07-12 00:00:00,1859-04-29 00:00:00,2008-08-08,28,Italian Unification,1,325,Sardinia/Piedmont,1,-8,2,2,1,-8,2500,4,[220L],[300L],['None'],['None'],['None'],['None'],[220L],[220L],['None'],['None'],['None']
26,2008-08-08,1859-07-12 00:00:00,1859-04-29 00:00:00,2008-08-08,28,Italian Unification,1,300,Austria,2,-8,2,1,2,-8,12500,4,[],"[325L, 220L]","[240L, 240L, 245L, 245L, 255L, 255L, 267L, 267L, 269L, 269L, 271L, 271L, 273L, 273L, 275L, 275L, 280L, 280L, 240L, 240L, 245L, 245L, 255L, 255L, 267L, 267L, 269L, 269L, 271L, 271L, 273L, 273L, 275L, 275L, 280L, 280L, 200L, 220L]","[240L, 240L, 245L, 245L, 255L, 255L, 267L, 267L, 269L, 269L, 271L, 271L, 273L, 273L, 275L, 275L, 280L, 280L, 240L, 240L, 245L, 245L, 255L, 255L, 267L, 267L, 269L, 269L, 271L, 271L, 273L, 273L, 275L, 275L, 280L, 280L, 200L, 220L]","[240L, 240L, 245L, 245L, 255L, 255L, 267L, 267L, 269L, 269L, 271L, 271L, 273L, 273L, 275L, 275L, 280L, 280L, 240L, 240L, 245L, 245L, 255L, 255L, 267L, 267L, 269L, 269L, 271L, 271L, 273L, 273L, 275L, 275L, 280L, 280L, 200L, 220L]",['None'],"[332L, 335L]",['None'],['None'],['None'],['None']
27,2008-08-08,1859-07-12 00:00:00,1859-05-03 00:00:00,2008-08-08,28,Italian Unification,1,220,France,1,-8,2,2,1,-8,7500,4,[325L],[300L],"[200L, 300L, 365L]","[200L, 300L]","[200L, 300L]",['None'],[325L],"[325L, 365L]",['None'],['None'],[365L]
28,2008-08-08,1860-03-25 00:00:00,1859-10-22 00:00:00,2008-08-08,31,First Spanish-Moroccan,1,600,Morocco,2,-8,6,2,2,-8,6000,4,[],[230L],['None'],['None'],['None'],['None'],['None'],['None'],['None'],['None'],['None']
29,2008-08-08,1860-03-25 00:00:00,1859-10-22 00:00:00,2008-08-08,31,First Spanish-Moroccan,1,230,Spain,1,-8,6,1,1,-8,4000,4,[],[600L],['None'],['None'],['None'],['None'],['None'],['None'],['None'],"[200L, 220L]",['None']
30,2008-08-08,1860-09-29 00:00:00,1860-09-11 00:00:00,2008-08-08,34,Italian-Roman,1,325,Sardinia/Piedmont,1,-8,2,1,1,-8,300,4,[],[327L],['None'],['None'],['None'],['None'],['None'],[220L],[220L],['None'],['None']
31,2008-08-08,1860-09-29 00:00:00,1860-09-11 00:00:00,2008-08-08,34,Italian-Roman,1,327,Papal States,2,-8,2,2,2,-8,700,4,[],[325L],['None'],['None'],['None'],['None'],['None'],['None'],['None'],['None'],['None']
32,2008-08-08,1861-02-13 00:00:00,1860-10-15 00:00:00,2008-08-08,37,Neapolitan,1,329,Two Sicilies,2,352,2,2,2,-8,400,4,[],[325L],['None'],['None'],['None'],['None'],['None'],['None'],['None'],['None'],['None']
33,2008-08-08,1861-02-13 00:00:00,1860-10-15 00:00:00,2008-08-08,37,Neapolitan,1,325,Sardinia/Piedmont,1,352,2,1,1,-8,600,4,[],[329L],['None'],['None'],['None'],['None'],['None'],[220L],[220L],['None'],['None']
34,2008-08-08,1867-02-05 00:00:00,1862-04-16 00:00:00,2008-08-08,40,Franco-Mexican,1,70,Mexico,1,557,1,2,4,587,12000,4,[],[220L],['None'],['None'],['None'],['None'],['None'],['None'],['None'],['None'],['None']
35,2008-08-08,1867-02-05 00:00:00,1862-04-16 00:00:00,2008-08-08,40,Franco-Mexican,1,220,France,2,557,1,1,4,587,8000,4,[],[70L],"[200L, 300L]","[200L, 300L]","[200L, 300L]","[325L, 300L]",[300L],"[200L, 230L]","[200L, 230L]",['None'],['None']
36,2008-08-08,1863-12-06 00:00:00,1863-11-22 00:00:00,2008-08-08,43,Ecuadorian-Colombian,1,100,Colombia,1,-8,1,1,1,-8,300,4,[],[130L],['None'],['None'],['None'],['None'],['None'],['None'],['None'],[130L],['None']
37,2008-08-08,1863-12-06 00:00:00,1863-11-22 00:00:00,2008-08-08,43,Ecuadorian-Colombian,1,130,Ecuador,2,-8,1,2,2,-8,700,4,[],[100L],['None'],['None'],['None'],['None'],['None'],['None'],['None'],"[100L, 135L, 145L, 155L]",['None']
38,1864-06-25 00:00:00,1864-04-25 00:00:00,1864-02-01 00:00:00,1864-07-20 00:00:00,46,Second Schleswig-Holstein,1,255,Germany,1,-8,2,1,1,-8,1048,4,[300L],[390L],"[240L, 240L, 245L, 245L, 267L, 267L, 269L, 269L, 271L, 271L, 273L, 273L, 275L, 275L, 280L, 280L, 300L, 300L, 240L, 240L, 245L, 245L, 267L, 267L, 269L, 269L, 271L, 271L, 273L, 273L, 275L, 275L, 280L, 280L, 300L, 300L, 300L]","[240L, 240L, 245L, 245L, 267L, 267L, 269L, 269L, 271L, 271L, 273L, 273L, 275L, 275L, 280L, 280L, 300L, 300L, 240L, 240L, 245L, 245L, 267L, 267L, 269L, 269L, 271L, 271L, 273L, 273L, 275L, 275L, 280L, 280L, 300L, 300L]","[240L, 240L, 245L, 245L, 267L, 267L, 269L, 269L, 271L, 271L, 273L, 273L, 275L, 275L, 280L, 280L, 300L, 300L, 240L, 240L, 245L, 245L, 267L, 267L, 269L, 269L, 271L, 271L, 273L, 273L, 275L, 275L, 280L, 280L, 300L, 300L, 300L]",['None'],['None'],"[365L, 300L]",[365L],[325L],['None']
39,1864-06-25 00:00:00,1864-04-25 00:00:00,1864-02-01 00:00:00,1864-07-20 00:00:00,46,Second Schleswig-Holstein,1,390,Denmark,2,-8,2,2,2,-8,2933,4,[],"[255L, 300L]",['None'],['None'],['None'],['None'],['None'],['None'],['None'],['None'],['None']
40,1864-06-25 00:00:00,1864-04-25 00:00:00,1864-02-01 00:00:00,1864-07-20 00:00:00,46,Second Schleswig-Holstein,1,300,Austria,1,-8,2,2,1,-8,500,4,[255L],[390L],"[240L, 240L, 245L, 245L, 255L, 255L, 267L, 267L, 269L, 269L, 271L, 271L, 273L, 273L, 275L, 275L, 280L, 280L, 240L, 240L, 245L, 245L, 255L, 255L, 267L, 267L, 269L, 269L, 271L, 271L, 273L, 273L, 275L, 275L, 280L, 280L, 200L, 220L, 240L, 245L, 269L, 271L, 275L, 255L]","[240L, 240L, 245L, 245L, 255L, 255L, 267L, 267L, 269L, 269L, 271L, 271L, 273L, 273L, 275L, 275L, 280L, 280L, 240L, 240L, 245L, 245L, 255L, 255L, 267L, 267L, 269L, 269L, 271L, 271L, 273L, 273L, 275L, 275L, 280L, 280L, 200L, 220L, 240L, 245L, 269L, 271L, 275L]","[240L, 240L, 245L, 245L, 255L, 255L, 267L, 267L, 269L, 269L, 271L, 271L, 273L, 273L, 275L, 275L, 280L, 280L, 240L, 240L, 245L, 245L, 255L, 255L, 267L, 267L, 269L, 269L, 271L, 271L, 273L, 273L, 275L, 275L, 280L, 280L, 200L, 220L, 255L]",['None'],['None'],[255L],['None'],['None'],"[240L, 245L, 269L, 271L, 275L]"
41,2008-08-08,1870-03-01 00:00:00,1865-03-05 00:00:00,2008-08-08,49,Lopez,1,160,Argentina,1,-8,1,2,1,-8,10000,4,[140L],[150L],['None'],['None'],['None'],"[140L, 165L]",['None'],['None'],[140L],['None'],['None']
42,2008-08-08,1870-03-01 00:00:00,1864-11-12 00:00:00,2008-08-08,49,Lopez,1,150,Paraguay,2,-8,1,1,2,-8,200000,4,[],"[160L, 140L]",['None'],['None'],['None'],['None'],['None'],['None'],['None'],['None'],['None']
43,2008-08-08,1870-03-01 00:00:00,1864-11-12 00:00:00,2008-08-08,49,Lopez,1,140,Brazil,1,-8,1,2,1,-8,100000,4,[160L],[150L],['None'],['None'],['None'],"[160L, 165L]",['None'],['None'],[160L],['None'],['None']
44,2008-08-08,1866-05-09 00:00:00,1865-09-25 00:00:00,2008-08-08,52,Naval War,1,155,Chile,1,-8,1,2,1,-8,100,4,[135L],[230L],['None'],['None'],['None'],"[130L, 135L, 145L]",['None'],['None'],['None'],['None'],['None']
45,2008-08-08,1866-05-09 00:00:00,1866-01-14 00:00:00,2008-08-08,52,Naval War,1,135,Peru,1,-8,1,2,1,-8,600,4,[155L],[230L],"[145L, 130L, 145L, 155L]",[145L],"[145L, 130L, 145L, 155L]",['None'],['None'],"[130L, 145L, 155L]",['None'],['None'],['None']
46,2008-08-08,1866-05-09 00:00:00,1865-09-25 00:00:00,2008-08-08,52,Naval War,1,230,Spain,2,-8,1,1,2,-8,300,4,[],"[155L, 135L]",['None'],['None'],['None'],['None'],['None'],['None'],['None'],['None'],['None']
47,2008-08-08,1866-07-26 00:00:00,1866-06-20 00:00:00,2008-08-08,55,Seven Weeks,1,325,Italy,1,-8,2,2,1,-8,4000,4,"[255L, 280L]","[275L, 271L, 245L, 300L, 273L, 269L, 267L, 240L]","[220L, 255L]",['None'],[220L],['None'],[255L],"[220L, 255L]",['None'],['None'],[255L]
48,2008-08-08,1866-07-26 00:00:00,1866-06-15 00:00:00,2008-08-08,55,Seven Weeks,1,275,Hesse Grand Ducal,2,-8,2,2,2,-8,100,4,"[271L, 245L, 300L, 273L, 269L, 267L, 240L]","[325L, 255L, 280L]",['None'],['None'],['None'],['None'],"[240L, 240L, 245L, 245L, 255L, 255L, 267L, 267L, 269L, 269L, 271L, 271L, 273L, 273L, 280L, 280L, 300L, 300L, 240L, 240L, 245L, 245L, 255L, 255L, 267L, 267L, 269L, 269L, 271L, 271L, 273L, 273L, 280L, 280L, 300L, 300L]",['None'],"[240L, 240L, 245L, 245L, 255L, 255L, 267L, 267L, 269L, 269L, 271L, 271L, 273L, 273L, 280L, 280L, 300L, 300L, 240L, 240L, 245L, 245L, 255L, 255L, 267L, 267L, 269L, 269L, 271L, 271L, 273L, 273L, 280L, 280L, 300L, 300L, 240L, 245L, 269L, 271L, 300L]",[255L],['None']
49,2008-08-08,1866-07-26 00:00:00,1866-06-15 00:00:00,2008-08-08,55,Seven Weeks,1,271,Wuerttemburg,2,-8,2,2,2,-8,100,4,"[275L, 245L, 300L, 273L, 269L, 267L, 240L]","[325L, 255L, 280L]",['None'],['None'],['None'],['None'],"[240L, 240L, 245L, 245L, 255L, 255L, 267L, 267L, 269L, 269L, 273L, 273L, 275L, 275L, 280L, 280L, 300L, 300L, 240L, 240L, 245L, 245L, 255L, 255L, 267L, 267L, 269L, 269L, 273L, 273L, 275L, 275L, 280L, 280L, 300L, 300L]",['None'],"[240L, 240L, 245L, 245L, 255L, 255L, 267L, 267L, 269L, 269L, 273L, 273L, 275L, 275L, 280L, 280L, 300L, 300L, 240L, 240L, 245L, 245L, 255L, 255L, 267L, 267L, 269L, 269L, 273L, 273L, 275L, 275L, 280L, 280L, 300L, 300L, 240L, 245L, 269L, 275L, 300L]",[255L],['None']
50,2008-08-08,1866-07-26 00:00:00,1866-06-15 00:00:00,2008-08-08,55,Seven Weeks,1,245,Bavaria,2,-8,2,2,2,-8,500,4,"[275L, 271L, 300L, 273L, 269L, 267L, 240L]","[325L, 255L, 280L]",['None'],['None'],['None'],['None'],"[240L, 240L, 255L, 255L, 267L, 267L, 269L, 269L, 271L, 271L, 273L, 273L, 275L, 275L, 280L, 280L, 300L, 300L, 240L, 240L, 255L, 255L, 267L, 267L, 269L, 269L, 271L, 271L, 273L, 273L, 275L, 275L, 280L, 280L, 300L, 300L]",['None'],"[240L, 240L, 255L, 255L, 267L, 267L, 269L, 269L, 271L, 271L, 273L, 273L, 275L, 275L, 280L, 280L, 300L, 300L, 240L, 240L, 255L, 255L, 267L, 267L, 269L, 269L, 271L, 271L, 273L, 273L, 275L, 275L, 280L, 280L, 300L, 300L, 240L, 269L, 271L, 275L, 300L]",[255L],['None']
51,2008-08-08,1866-07-26 00:00:00,1866-06-15 00:00:00,2008-08-08,55,Seven Weeks,1,300,Austria,2,-8,2,2,2,-8,28000,4,"[275L, 271L, 245L, 273L, 269L, 267L, 240L]","[325L, 255L, 280L]","[200L, 220L, 220L]","[200L, 220L]","[200L, 220L]",['None'],"[240L, 240L, 245L, 245L, 255L, 255L, 267L, 267L, 269L, 269L, 271L, 271L, 273L, 273L, 275L, 275L, 280L, 280L, 240L, 240L, 245L, 245L, 255L, 255L, 267L, 267L, 269L, 269L, 271L, 271L, 273L, 273L, 275L, 275L, 280L, 280L]",[220L],"[240L, 240L, 245L, 245L, 255L, 255L, 267L, 267L, 269L, 269L, 271L, 271L, 273L, 273L, 275L, 275L, 280L, 280L, 240L, 240L, 245L, 245L, 255L, 255L, 267L, 267L, 269L, 269L, 271L, 271L, 273L, 273L, 275L, 275L, 280L, 280L, 240L, 245L, 269L, 271L, 275L, 255L]",['None'],[220L]
52,2008-08-08,1866-07-26 00:00:00,1866-06-15 00:00:00,2008-08-08,55,Seven Weeks,1,255,Germany,1,-8,2,1,1,-8,10000,4,"[325L, 280L]","[275L, 271L, 245L, 300L, 273L, 269L, 267L, 240L]",[325L],['None'],['None'],['None'],"[240L, 240L, 245L, 245L, 267L, 267L, 269L, 269L, 271L, 271L, 273L, 273L, 275L, 275L, 280L, 280L, 300L, 300L, 240L, 240L, 245L, 245L, 267L, 267L, 269L, 269L, 271L, 271L, 273L, 273L, 275L, 275L, 280L, 280L, 300L, 300L, 325L]",[325L],"[240L, 240L, 245L, 245L, 267L, 267L, 269L, 269L, 271L, 271L, 273L, 273L, 275L, 275L, 280L, 280L, 300L, 300L, 240L, 240L, 245L, 245L, 267L, 267L, 269L, 269L, 271L, 271L, 273L, 273L, 275L, 275L, 280L, 280L, 300L, 300L, 300L]","[271L, 267L, 280L, 245L, 275L]","[325L, 280L]"
53,2008-08-08,1866-07-26 00:00:00,1866-06-15 00:00:00,2008-08-08,55,Seven Weeks,1,280,Mecklenburg Schwerin,1,-8,2,2,1,-8,100,4,"[325L, 255L]","[275L, 271L, 245L, 300L, 273L, 269L, 267L, 240L]",['None'],['None'],['None'],['None'],"[240L, 240L, 245L, 245L, 255L, 255L, 267L, 267L, 269L, 269L, 271L, 271L, 273L, 273L, 275L, 275L, 300L, 300L, 240L, 240L, 245L, 245L, 255L, 255L, 267L, 267L, 269L, 269L, 271L, 271L, 273L, 273L, 275L, 275L, 300L, 300L]",['None'],"[240L, 240L, 245L, 245L, 255L, 255L, 267L, 267L, 269L, 269L, 271L, 271L, 273L, 273L, 275L, 275L, 300L, 300L, 240L, 240L, 245L, 245L, 255L, 255L, 267L, 267L, 269L, 269L, 271L, 271L, 273L, 273L, 275L, 275L, 300L, 300L]",[255L],[255L]
54,2008-08-08,1866-07-26 00:00:00,1866-06-15 00:00:00,2008-08-08,55,Seven Weeks,1,273,Hesse Electoral,2,-8,2,2,2,-8,100,4,"[275L, 271L, 245L, 300L, 269L, 267L, 240L]","[325L, 255L, 280L]",['None'],['None'],['None'],['None'],"[240L, 240L, 245L, 245L, 255L, 255L, 267L, 267L, 269L, 269L, 271L, 271L, 275L, 275L, 280L, 280L, 300L, 300L, 240L, 240L, 245L, 245L, 255L, 255L, 267L, 267L, 269L, 269L, 271L, 271L, 275L, 275L, 280L, 280L, 300L, 300L]",['None'],"[240L, 240L, 245L, 245L, 255L, 255L, 267L, 267L, 269L, 269L, 271L, 271L, 275L, 275L, 280L, 280L, 300L, 300L, 240L, 240L, 245L, 245L, 255L, 255L, 267L, 267L, 269L, 269L, 271L, 271L, 275L, 275L, 280L, 280L, 300L, 300L]",['None'],['None']
55,2008-08-08,1866-07-26 00:00:00,1866-06-15 00:00:00,2008-08-08,55,Seven Weeks,1,269,Saxony,2,-8,2,2,2,-8,600,4,"[275L, 271L, 245L, 300L, 273L, 267L, 240L]","[325L, 255L, 280L]",['None'],['None'],['None'],['None'],"[240L, 240L, 245L, 245L, 255L, 255L, 267L, 267L, 271L, 271L, 273L, 273L, 275L, 275L, 280L, 280L, 300L, 300L, 240L, 240L, 245L, 245L, 255L, 255L, 267L, 267L, 271L, 271L, 273L, 273L, 275L, 275L, 280L, 280L, 300L, 300L]",['None'],"[240L, 240L, 245L, 245L, 255L, 255L, 267L, 267L, 271L, 271L, 273L, 273L, 275L, 275L, 280L, 280L, 300L, 300L, 240L, 240L, 245L, 245L, 255L, 255L, 267L, 267L, 271L, 271L, 273L, 273L, 275L, 275L, 280L, 280L, 300L, 300L, 240L, 245L, 271L, 275L, 300L]",['None'],['None']
56,2008-08-08,1866-07-26 00:00:00,1866-06-15 00:00:00,2008-08-08,55,Seven Weeks,1,267,Baden,2,-8,2,2,2,-8,100,4,"[275L, 271L, 245L, 300L, 273L, 269L, 240L]","[325L, 255L, 280L]",['None'],['None'],['None'],['None'],"[240L, 240L, 245L, 245L, 255L, 255L, 269L, 269L, 271L, 271L, 273L, 273L, 275L, 275L, 280L, 280L, 300L, 300L, 240L, 240L, 245L, 245L, 255L, 255L, 269L, 269L, 271L, 271L, 273L, 273L, 275L, 275L, 280L, 280L, 300L, 300L]",['None'],"[240L, 240L, 245L, 245L, 255L, 255L, 269L, 269L, 271L, 271L, 273L, 273L, 275L, 275L, 280L, 280L, 300L, 300L, 240L, 240L, 245L, 245L, 255L, 255L, 269L, 269L, 271L, 271L, 273L, 273L, 275L, 275L, 280L, 280L, 300L, 300L]",[255L],['None']
57,2008-08-08,1866-06-29 00:00:00,1866-06-15 00:00:00,2008-08-08,55,Seven Weeks,1,240,Hanover,2,-8,2,2,2,-8,500,4,"[275L, 271L, 245L, 300L, 273L, 269L, 267L]","[325L, 255L, 280L]",['None'],['None'],['None'],['None'],"[245L, 245L, 255L, 255L, 267L, 267L, 269L, 269L, 271L, 271L, 273L, 273L, 275L, 275L, 280L, 280L, 300L, 300L, 245L, 245L, 255L, 255L, 267L, 267L, 269L, 269L, 271L, 271L, 273L, 273L, 275L, 275L, 280L, 280L, 300L, 300L]",['None'],"[245L, 245L, 255L, 255L, 267L, 267L, 269L, 269L, 271L, 271L, 273L, 273L, 275L, 275L, 280L, 280L, 300L, 300L, 245L, 245L, 255L, 255L, 267L, 267L, 269L, 269L, 271L, 271L, 273L, 273L, 275L, 275L, 280L, 280L, 300L, 300L, 245L, 269L, 271L, 275L, 300L]",['None'],['None']
58,2008-08-08,1870-11-25 00:00:00,1870-07-19 00:00:00,2008-08-08,58,Franco-Prussian,1,271,Wuerttemburg,1,-8,2,2,1,-8,976,4,"[267L, 255L, 245L]",[220L],[255L],[255L],['None'],['None'],[255L],['None'],['None'],['None'],[255L]
59,2008-08-08,1870-11-22 00:00:00,1870-07-19 00:00:00,2008-08-08,58,Franco-Prussian,1,267,Baden,1,-8,2,2,1,-8,956,4,"[271L, 255L, 245L]",[220L],['None'],['None'],['None'],['None'],['None'],['None'],[255L],['None'],['None']
60,2008-08-08,1871-02-26 00:00:00,1870-07-19 00:00:00,2008-08-08,58,Franco-Prussian,1,255,Germany,1,-8,2,2,1,-8,44781,4,"[271L, 267L, 245L]",[220L],['None'],['None'],['None'],[200L],"[271L, 245L, 275L]",['None'],[267L],['None'],[200L]
61,2008-08-08,1870-11-15 00:00:00,1870-07-19 00:00:00,2008-08-08,58,Franco-Prussian,1,245,Bavaria,1,-8,2,2,1,-8,5600,4,"[271L, 267L, 255L]",[220L],[255L],[255L],['None'],['None'],['None'],['None'],['None'],['None'],[255L]
62,2008-08-08,1871-02-26 00:00:00,1870-07-19 00:00:00,2008-08-08,58,Franco-Prussian,1,220,France,2,-8,2,1,2,-8,152000,4,[],"[271L, 267L, 255L, 245L]","[200L, 300L]","[200L, 300L]","[200L, 300L]",[200L],[325L],['None'],['None'],['None'],[200L]
63,2008-08-08,1876-04-25 00:00:00,1876-03-27 00:00:00,2008-08-08,60,First Central American,1,90,Guatemala,1,-8,1,1,1,-8,2000,4,[],[92L],['None'],['None'],['None'],['None'],['None'],['None'],['None'],['None'],['None']
64,2008-08-08,1876-04-25 00:00:00,1876-03-27 00:00:00,2008-08-08,60,First Central American,1,92,El Salvador,2,-8,1,2,2,-8,2000,4,[],[90L],['None'],['None'],['None'],['None'],['None'],['None'],['None'],['None'],['None']
65,2008-08-08,1878-01-31 00:00:00,1877-04-24 00:00:00,2008-08-08,61,Second Russo-Turkish,1,640,Turkey,2,373,11,2,2,-8,165000,4,[],[365L],['None'],['None'],['None'],['None'],['None'],['None'],['None'],[200L],['None']
66,2008-08-08,1878-01-31 00:00:00,1877-04-24 00:00:00,2008-08-08,61,Second Russo-Turkish,1,365,Russia,1,373,11,1,1,-8,120000,4,[],[640L],"[255L, 255L, 300L, 300L]","[255L, 255L, 300L]",['None'],['None'],['None'],[300L],['None'],['None'],"[255L, 255L, 300L, 300L]"
67,2008-08-08,1883-12-11 00:00:00,1879-02-14 00:00:00,2008-08-08,64,War of the Pacific,1,155,Chile,1,-8,1,1,1,-8,3276,4,[],"[135L, 145L]",['None'],['None'],['None'],['None'],['None'],['None'],['None'],['None'],['None']
68,2008-08-08,1883-10-23 00:00:00,1879-04-05 00:00:00,2008-08-08,64,War of the Pacific,1,135,Peru,2,-8,1,2,2,-8,9672,4,[145L],[155L],['None'],['None'],['None'],['None'],[145L],['None'],['None'],['None'],['None']
69,2008-08-08,1883-12-11 00:00:00,1879-02-14 00:00:00,2008-08-08,64,War of the Pacific,1,145,Bolivia,2,-8,1,2,2,-8,920,4,[135L],[155L],['None'],['None'],['None'],['None'],[135L],['None'],['None'],['None'],['None']
70,2008-08-08,1882-09-15 00:00:00,1882-07-11 00:00:00,2008-08-08,65,Conquest of Egypt,1,651,Egypt,2,-8,6,2,2,-8,10000,4,[],[200L],['None'],['None'],['None'],['None'],['None'],['None'],['None'],['None'],['None']
71,2008-08-08,1882-09-15 00:00:00,1882-07-11 00:00:00,2008-08-08,65,Conquest of Egypt,1,200,United Kingdom,1,-8,6,1,1,-8,79,4,[],[651L],[380L],[380L],[380L],['None'],['None'],['None'],[640L],['None'],['None']
72,2008-08-08,1885-06-09 00:00:00,1884-06-15 00:00:00,2008-08-08,67,Sino-French,1,220,France,1,385,7,1,1,-8,2100,4,[],[710L],['None'],['None'],['None'],['None'],['None'],['None'],['None'],['None'],['None']
73,2008-08-08,1885-06-09 00:00:00,1884-06-15 00:00:00,2008-08-08,67,Sino-French,1,710,China,2,385,7,2,2,-8,10000,4,[],[220L],['None'],['None'],['None'],['None'],['None'],['None'],['None'],['None'],['None']
74,2008-08-08,1885-04-15 00:00:00,1885-03-28 00:00:00,2008-08-08,70,Second Central American,1,92,El Salvador,1,-8,1,2,1,-8,200,4,[],[90L],['None'],['None'],['None'],['None'],['None'],['None'],['None'],['None'],['None']
75,2008-08-08,1885-04-15 00:00:00,1885-03-28 00:00:00,2008-08-08,70,Second Central American,1,90,Guatemala,2,-8,1,1,2,-8,800,4,[],[92L],['None'],['None'],['None'],['None'],['None'],['None'],['None'],['None'],['None']
76,2008-08-08,1895-03-30 00:00:00,1894-07-25 00:00:00,2008-08-08,73,First Sino-Japanese,1,710,China,2,-8,7,2,2,-8,10000,4,[],[740L],['None'],['None'],['None'],['None'],['None'],['None'],['None'],[365L],['None']
77,2008-08-08,1895-03-30 00:00:00,1894-07-25 00:00:00,2008-08-08,73,First Sino-Japanese,1,740,Japan,1,-8,7,1,1,-8,5000,4,[],[710L],['None'],['None'],['None'],[730L],['None'],['None'],['None'],['None'],[730L]
78,2008-08-08,1897-05-19 00:00:00,1897-02-15 00:00:00,2008-08-08,76,Greco-Turkish,1,350,Greece,2,631,2,1,2,-8,600,4,[],[640L],['None'],['None'],['None'],['None'],['None'],['None'],['None'],['None'],['None']
79,2008-08-08,1897-05-19 00:00:00,1897-02-15 00:00:00,2008-08-08,76,Greco-Turkish,1,640,Turkey,1,631,2,2,1,-8,1400,4,[],[350L],['None'],['None'],['None'],['None'],['None'],['None'],['None'],['None'],['None']
80,2008-08-08,1898-08-12 00:00:00,1898-04-22 00:00:00,2008-08-08,79,Spanish-American,1,230,Spain,2,"404, 410",13,2,2,-8,775,4,[],[2L],['None'],['None'],['None'],['None'],['None'],['None'],['None'],['None'],['None']
81,2008-08-08,1898-08-12 00:00:00,1898-04-22 00:00:00,2008-08-08,79,Spanish-American,1,2,United States of America,1,"404, 410",13,1,1,-8,2910,4,[],[230L],['None'],['None'],['None'],['None'],['None'],['None'],['None'],['None'],['None']
82,2008-08-08,1900-08-14,1900-06-17,2008-08-08,82,Boxer Rebellion,1,365,Russia,1,-8,7,1,1,-8,302,4,"[740L, 2L, 200L, 220L]",[710L],[220L],[220L],[220L],['None'],[710L],['None'],[710L],['None'],['None']
83,2008-08-08,1900-08-14,1900-06-17,2008-08-08,82,Boxer Rebellion,1,740,Japan,1,-8,7,1,1,-8,622,4,"[365L, 2L, 200L, 220L]",[710L],['None'],['None'],['None'],['None'],['None'],['None'],['None'],[200L],['None']
84,2008-08-08,1900-08-14,1900-06-17,2008-08-08,82,Boxer Rebellion,1,2,United States of America,1,-8,7,1,1,-8,21,4,"[365L, 740L, 200L, 220L]",[710L],['None'],['None'],['None'],['None'],['None'],['None'],['None'],['None'],['None']
85,2008-08-08,1900-08-14,1900-06-17,2008-08-08,82,Boxer Rebellion,1,710,China,2,-8,7,2,2,-8,2000,4,[],"[365L, 740L, 2L, 200L, 220L]",['None'],['None'],['None'],['None'],[365L],['None'],[365L],['None'],['None']
86,2008-08-08,1900-08-14,1900-06-17,2008-08-08,82,Boxer Rebellion,1,200,United Kingdom,1,-8,7,1,1,-8,34,4,"[365L, 740L, 2L, 220L]",[710L],[380L],[380L],[380L],['None'],['None'],['None'],['None'],[740L],['None']
87,2008-08-08,1900-08-14,1900-06-17,2008-08-08,82,Boxer Rebellion,1,220,France,1,-8,7,1,1,-8,24,4,"[365L, 740L, 2L, 200L]",[710L],[365L],[365L],[365L],['None'],['None'],['None'],['None'],['None'],['None']
88,2008-08-08,1900-10-10,1900-07-17,2008-08-08,83,Sino-Russian,1,365,Russia,1,-8,7,1,1,-8,242,4,[],[710L],[220L],[220L],[220L],['None'],['None'],['None'],[710L],['None'],['None']
89,2008-08-08,1900-10-10,1900-07-17,2008-08-08,83,Sino-Russian,1,710,China,2,-8,7,2,2,-8,3758,4,[],[365L],['None'],['None'],['None'],['None'],['None'],['None'],[365L],['None'],['None']
90,2008-08-08,1905-09-15,1904-02-08,2008-08-08,85,Russo-Japanese,1,740,Japan,1,-8,7,1,1,-8,80378,4,[],[365L],[200L],[200L],[200L],['None'],['None'],['None'],['None'],['None'],['None']
91,2008-08-08,1905-09-15,1904-02-08,2008-08-08,85,Russo-Japanese,1,365,Russia,2,-8,7,2,2,-8,71453,4,[],[740L],[220L],[220L],[220L],"[300L, 255L]",['None'],['None'],['None'],['None'],[255L]
92,2008-08-08,1906-07-20,1906-05-27,2008-08-08,88,Third Central American,1,91,Honduras,2,-8,1,2,2,-8,300,4,[92L],[90L],['None'],['None'],['None'],['None'],['None'],['None'],['None'],"[90L, 92L, 93L, 94L]",['None']
93,2008-08-08,1906-07-20,1906-05-27,2008-08-08,88,Third Central American,1,92,El Salvador,2,-8,1,2,2,-8,300,4,[91L],[90L],['None'],['None'],['None'],['None'],['None'],['None'],['None'],"[90L, 91L, 93L, 94L]",['None']
94,2008-08-08,1906-07-20,1906-05-27,2008-08-08,88,Third Central American,1,90,Guatemala,1,-8,1,1,1,-8,400,4,[],"[91L, 92L]",['None'],['None'],['None'],['None'],['None'],['None'],['None'],"[91L, 92L, 93L, 94L]",['None']
95,2008-08-08,1907-04-23,1907-02-19,2008-08-08,91,Fourth Central American,1,93,Nicaragua,1,-8,1,1,1,-8,400,4,[],"[92L, 91L]",['None'],['None'],['None'],['None'],['None'],['None'],['None'],"[90L, 91L, 92L, 94L]",['None']
96,2008-08-08,1907-04-23,1907-02-19,2008-08-08,91,Fourth Central American,1,92,El Salvador,2,-8,1,2,2,-8,300,4,[91L],[93L],['None'],['None'],['None'],['None'],['None'],['None'],['None'],"[90L, 91L, 93L, 94L]",['None']
97,2008-08-08,1907-04-23,1907-02-19,2008-08-08,91,Fourth Central American,1,91,Honduras,2,-8,1,2,2,-8,300,4,[92L],[93L],['None'],['None'],['None'],['None'],['None'],['None'],['None'],"[90L, 92L, 93L, 94L]",['None']
98,2008-08-08,1910-03-23,1909-07-07,2008-08-08,94,Second Spanish-Moroccan,1,230,Spain,1,-8,6,1,1,-8,2000,4,[],[600L],"[200L, 220L]","[200L, 220L]","[200L, 220L]",['None'],['None'],['None'],['None'],['None'],['None']
99,2008-08-08,1910-03-23,1909-07-07,2008-08-08,94,Second Spanish-Moroccan,1,600,Morocco,2,-8,6,2,2,-8,8000,4,[],[230L],['None'],['None'],['None'],['None'],['None'],['None'],['None'],['None'],['None']
100,2008-08-08,1912-10-18,1911-09-29,2008-08-08,97,Italian-Turkish,1,325,Italy,1,-8,6,1,1,-8,6000,4,[],[640L],"[255L, 300L, 255L, 300L, 360L, 220L, 365L]","[255L, 300L, 255L, 300L, 360L, 220L]","[255L, 300L, 255L, 300L, 360L, 220L, 365L]",['None'],['None'],[365L],['None'],['None'],['None']
101,2008-08-08,1912-10-18,1911-09-29,2008-08-08,97,Italian-Turkish,1,640,Turkey,2,-8,6,2,2,-8,14000,4,[],[325L],['None'],['None'],['None'],['None'],['None'],['None'],['None'],"[255L, 355L]",['None']
102,2008-08-08,1913-04-19,1912-10-17,2008-08-08,100,First Balkan,1,640,Turkey,2,650,11,2,2,-8,30000,4,[],"[350L, 355L, 345L]",['None'],['None'],['None'],['None'],['None'],['None'],['None'],"[255L, 355L]",['None']
103,2008-08-08,1913-04-19,1912-10-17,2008-08-08,100,First Balkan,1,350,Greece,1,650,11,2,1,-8,5000,4,"[355L, 345L]",[640L],[355L],['None'],['None'],['None'],['None'],[355L],['None'],[345L],[355L]
104,1913-02-03,1912-12-03,1912-10-17,1913-04-19,100,First Balkan,1,355,Bulgaria,1,650,2,2,1,-8,32000,4,"[350L, 345L]",[640L],"[345L, 350L]",['None'],['None'],['None'],['None'],"[345L, 350L]",['None'],"[640L, 300L, 255L]","[345L, 350L]"
105,1913-02-03,1912-12-03,1912-10-17,1913-04-19,100,First Balkan,1,345,Yugoslavia,1,650,11,1,1,-8,15000,4,"[350L, 355L]",[640L],[355L],['None'],['None'],['None'],['None'],[355L],['None'],[350L],[355L]
106,2008-08-08,1913-07-30,1913-07-15,2008-08-08,103,Second Balkan,1,640,Turkey,1,-8,2,2,1,-8,20000,4,"[345L, 350L, 360L]",[355L],['None'],['None'],['None'],['None'],['None'],['None'],['None'],"[255L, 355L]",['None']
107,2008-08-08,1913-07-30,1913-06-30,2008-08-08,103,Second Balkan,1,345,Yugoslavia,1,-8,2,2,1,-8,18500,4,"[640L, 350L, 360L]",[355L],[350L],['None'],[350L],['None'],[355L],"[355L, 350L]",[355L],['None'],['None']
108,2008-08-08,1913-07-30,1913-06-30,2008-08-08,103,Second Balkan,1,350,Greece,1,-8,2,2,1,-8,2500,4,"[640L, 345L, 360L]",[355L],[345L],['None'],[345L],['None'],[355L],"[355L, 345L]",[355L],['None'],['None']
109,2008-08-08,1913-07-30,1913-06-30,2008-08-08,103,Second Balkan,1,355,Bulgaria,2,-8,2,1,2,-8,18000,4,[],"[640L, 345L, 350L, 360L]",['None'],['None'],['None'],['None'],"[345L, 350L]","[345L, 350L]","[345L, 350L]","[640L, 300L, 255L]",['None']
110,2008-08-08,1913-07-30,1913-07-11,2008-08-08,103,Second Balkan,1,360,Romania,1,-8,2,2,1,-8,1500,4,"[640L, 345L, 350L]",[355L],"[255L, 300L, 325L]","[255L, 300L, 325L]","[255L, 300L, 325L]",['None'],['None'],['None'],['None'],[365L],['None']
111,2008-08-08,1918-11-11,1914-07-29,2008-08-08,106,World War I,1,345,Yugoslavia,1,-8,2,2,1,-8,70000,4,"[365L, 200L, 740L, 235L, 211L, 350L, 360L, 220L, 325L, 2L]","[355L, 640L, 255L, 300L]",[350L],['None'],['None'],['None'],[350L],[350L],[355L],[315L],[350L]
112,2008-08-08,1917-12-05,1914-08-01,2008-08-08,106,World War I,1,365,Russia,1,-8,11,2,1,-8,1700000,4,"[345L, 200L, 740L, 235L, 211L, 350L, 360L, 220L, 325L, 2L]","[355L, 640L, 255L, 300L]",['None'],['None'],['None'],"[360L, 200L, 220L, 325L, 740L, 200L, 220L, 325L, 360L]","[220L, 325L, 740L, 360L, 740L]",['None'],['None'],['None'],"[200L, 220L, 325L, 200L, 220L, 325L, 360L]"
113,2008-08-08,1918-09-29,1915-10-12,2008-08-08,106,World War I,1,355,Bulgaria,2,-8,2,2,2,-8,87500,4,"[640L, 255L, 300L]","[345L, 365L, 200L, 740L, 235L, 211L, 350L, 360L, 220L, 325L, 2L]","[640L, 300L, 255L, 300L]",['None'],['None'],['None'],[255L],"[640L, 300L, 255L, 255L, 300L]",['None'],['None'],"[640L, 300L, 255L, 300L]"
114,2008-08-08,1918-11-11,1914-08-05,2008-08-08,106,World War I,1,200,United Kingdom,1,-8,15,2,1,-8,908371,4,"[345L, 365L, 740L, 235L, 211L, 350L, 360L, 220L, 325L, 2L]","[355L, 640L, 255L, 300L]","[740L, 220L]",[740L],[740L],"[220L, 325L, 365L, 220L, 325L, 360L, 365L]","[220L, 230L, 220L, 220L, 325L, 365L, 220L, 325L, 360L, 365L]",[220L],['None'],['None'],"[220L, 220L, 325L, 365L, 220L, 325L, 360L, 365L]"
115,2008-08-08,1918-11-11,1914-08-23,2008-08-08,106,World War I,1,740,Japan,1,-8,7,2,1,-8,300,4,"[345L, 365L, 200L, 235L, 211L, 350L, 360L, 220L, 325L, 2L]","[355L, 640L, 255L, 300L]",[200L],[200L],[200L],[365L],"[365L, 365L]",['None'],['None'],['None'],['None']
116,2008-08-08,1918-11-11,1916-03-01,2008-08-08,106,World War I,1,235,Portugal,1,-8,2,2,1,-8,7222,4,"[345L, 365L, 200L, 740L, 211L, 350L, 360L, 220L, 325L, 2L]","[355L, 640L, 255L, 300L]",['None'],['None'],['None'],['None'],['None'],['None'],['None'],['None'],['None']
117,2008-08-08,1918-10-30,1914-10-28,2008-08-08,106,World War I,1,640,Turkey,2,-8,6,2,2,-8,325000,4,"[355L, 255L, 300L]","[345L, 365L, 200L, 740L, 235L, 211L, 350L, 360L, 220L, 325L, 2L]",[255L],['None'],['None'],['None'],"[255L, 355L]","[255L, 355L]",['None'],['None'],[255L]
118,2008-08-08,1918-11-11,1914-08-04,2008-08-08,106,World War I,1,211,Belgium,1,-8,2,2,1,-8,13716,4,"[345L, 365L, 200L, 740L, 235L, 350L, 360L, 220L, 325L, 2L]","[355L, 640L, 255L, 300L]",['None'],['None'],['None'],['None'],['None'],['None'],['None'],[220L],['None']
119,2008-08-08,1918-11-11,1914-08-01,2008-08-08,106,World War I,1,255,Germany,2,-8,15,2,2,-8,1773700,4,"[355L, 640L, 300L]","[345L, 365L, 200L, 740L, 235L, 211L, 350L, 360L, 220L, 325L, 2L]",['None'],['None'],['None'],"[640L, 355L, 300L, 355L]","[300L, 300L, 325L, 300L, 325L, 360L, 640L, 355L, 300L, 355L]",['None'],['None'],['None'],['None']
120,2008-08-08,1918-11-11,1917-06-29,2008-08-08,106,World War I,1,350,Greece,1,-8,2,2,1,-8,5000,4,"[345L, 365L, 200L, 740L, 235L, 211L, 360L, 220L, 325L, 2L]","[355L, 640L, 255L, 300L]",[345L],[345L],['None'],['None'],[345L],['None'],['None'],['None'],[345L]
121,2008-08-08,1917-12-09,1916-08-27,2008-08-08,106,World War I,1,360,Romania,1,-8,2,2,1,-8,335706,4,"[345L, 365L, 200L, 740L, 235L, 211L, 350L, 220L, 325L, 2L]","[355L, 640L, 255L, 300L]","[255L, 300L, 325L, 200L, 220L, 325L, 365L]","[255L, 300L, 325L]",['None'],['None'],['None'],"[365L, 200L, 220L, 325L, 365L]",[365L],['None'],"[255L, 300L, 325L, 200L, 220L, 325L, 365L]"
122,2008-08-08,1918-11-03,1914-07-29,2008-08-08,106,World War I,1,300,Austria-Hungary,2,-8,2,1,2,-8,1200000,4,"[355L, 640L, 255L]","[345L, 365L, 200L, 740L, 235L, 211L, 350L, 360L, 220L, 325L, 2L]","[255L, 255L, 325L, 255L, 325L, 360L]","[255L, 255L, 325L, 255L, 325L, 360L]",['None'],"[355L, 255L, 355L]","[255L, 255L, 325L, 255L, 325L, 360L, 355L, 255L, 355L]",['None'],['None'],['None'],"[255L, 255L, 325L, 255L, 325L, 360L]"
123,2008-08-08,1918-11-11,1914-08-03,2008-08-08,106,World War I,1,220,France,1,-8,14,2,1,-8,1385000,4,"[345L, 365L, 200L, 740L, 235L, 211L, 350L, 360L, 325L, 2L]","[355L, 640L, 255L, 300L]","[325L, 200L]",[325L],['None'],"[200L, 325L, 365L, 200L, 325L, 360L, 365L]","[365L, 200L, 230L, 200L, 200L, 325L, 365L, 200L, 325L, 360L, 365L]",[200L],['None'],[211L],"[325L, 200L, 200L, 325L, 365L, 200L, 325L, 360L, 365L]"
124,2008-08-08,1918-11-11,1915-05-23,2008-08-08,106,World War I,1,325,Italy,1,-8,2,2,1,-8,650000,4,"[345L, 365L, 200L, 740L, 235L, 211L, 350L, 360L, 220L, 2L]","[355L, 640L, 255L, 300L]","[220L, 200L, 220L, 365L]",[220L],['None'],"[200L, 220L, 360L, 365L]","[255L, 300L, 255L, 300L, 360L, 365L, 200L, 220L, 365L, 200L, 220L, 360L, 365L]","[200L, 220L, 365L]",['None'],['None'],"[220L, 200L, 220L, 365L, 200L, 220L, 360L, 365L]"
125,2008-08-08,1918-11-11,1917-04-17,2008-08-08,106,World War I,1,2,United States of America,1,-8,2,2,1,-8,116516,4,"[345L, 365L, 200L, 740L, 235L, 211L, 350L, 360L, 220L, 325L]","[355L, 640L, 255L, 300L]",['None'],['None'],['None'],['None'],['None'],['None'],['None'],['None'],['None']
126,2008-08-08,1920-01-03,1918-11-22,2008-08-08,107,Estonian Liberation,1,366,Estonia,1,-8,2,2,1,-8,3600,4,[375L],[365L],['None'],['None'],['None'],['None'],['None'],['None'],['None'],['None'],['None']
127,2008-08-08,1920-01-03,1918-12-30,2008-08-08,107,Estonian Liberation,1,375,Finland,1,-8,2,2,1,-8,150,4,[366L],[365L],['None'],['None'],['None'],['None'],['None'],['None'],['None'],['None'],['None']
128,2008-08-08,1920-01-03,1918-11-22,2008-08-08,107,Estonian Liberation,1,365,Russia,2,-8,2,1,2,-8,8000,4,[],"[366L, 375L]",['None'],['None'],['None'],['None'],['None'],['None'],"[220L, 325L, 200L, 220L, 325L, 740L, 200L, 220L, 325L, 360L]",[630L],['None']
129,2008-08-08,1919-04-15,1918-12-07,2008-08-08,108,Latvian Liberation,1,255,Germany,1,-8,2,2,8,-8,450,4,"[366L, 367L]",[365L],['None'],['None'],['None'],['None'],['None'],['None'],"[300L, 300L, 325L, 300L, 325L, 360L, 640L, 355L, 300L, 355L]",['None'],['None']
130,2008-08-08,1920-02-01,1918-12-02,2008-08-08,108,Latvian Liberation,1,365,Russia,2,-8,2,1,2,-8,8000,4,[255L],"[255L, 366L, 367L]",['None'],['None'],['None'],['None'],['None'],['None'],"[220L, 325L, 200L, 220L, 325L, 740L, 200L, 220L, 325L, 360L]",[630L],['None']
131,2008-08-08,1919-07-13,1919-04-16,2008-08-08,108,Latvian Liberation,1,255,Germany,2,-8,2,2,2,-8,750,4,[365L],"[366L, 367L]",['None'],['None'],['None'],['None'],['None'],['None'],"[300L, 300L, 325L, 300L, 325L, 360L, 640L, 355L, 300L, 355L]",['None'],['None']
132,2008-08-08,1920-01-03,1919-01-01,2008-08-08,108,Latvian Liberation,1,366,Estonia,1,-8,2,2,1,-8,1000,4,"[255L, 367L]","[365L, 255L]",['None'],['None'],['None'],['None'],['None'],['None'],['None'],['None'],['None']
133,2008-08-08,1920-02-01,1918-12-02,2008-08-08,108,Latvian Liberation,1,367,Latvia,1,-8,2,2,1,-8,3046,4,"[255L, 366L]","[365L, 255L]",['None'],['None'],['None'],['None'],['None'],['None'],['None'],['None'],['None']
134,2008-08-08,1920-10-18,1919-02-14,2008-08-08,109,Russo-Polish,1,365,Russia,2,681,2,1,2,-8,60000,4,[],[290L],['None'],['None'],['None'],['None'],['None'],['None'],"[220L, 325L, 200L, 220L, 325L, 740L, 200L, 220L, 325L, 360L]",[630L],['None']
135,2008-08-08,1920-10-18,1919-02-14,2008-08-08,109,Russo-Polish,1,290,Poland,1,681,2,2,1,-8,40000,4,[],[365L],['None'],['None'],['None'],['None'],['None'],['None'],['None'],"[220L, 360L]",['None']
136,2008-08-08,1919-08-04,1919-04-16,2008-08-08,112,Hungarian Adversaries,1,310,Hungary,2,-8,2,2,2,-8,6000,4,[],"[315L, 360L]",['None'],['None'],['None'],['None'],['None'],['None'],['None'],['None'],['None']
137,2008-08-08,1919-08-04,1919-04-26,2008-08-08,112,Hungarian Adversaries,1,315,Czechoslovakia,1,-8,2,2,1,-8,2000,4,[360L],[310L],['None'],['None'],['None'],['None'],['None'],['None'],['None'],"[345L, 360L]",['None']
138,2008-08-08,1919-08-04,1919-04-16,2008-08-08,112,Hungarian Adversaries,1,360,Romania,1,-8,2,1,1,-8,3000,4,[315L],[310L],['None'],['None'],['None'],['None'],['None'],['None'],"[255L, 300L, 325L, 200L, 220L, 325L, 365L]","[290L, 315L, 345L]",['None']
139,2008-08-08,1922-10-11,1919-05-05,2008-08-08,115,Second Greco-Turkish,1,640,Turkey,1,-8,11,2,1,-8,20000,4,[],[350L],['None'],['None'],['None'],[700L],['None'],['None'],"[255L, 355L]",['None'],['None']
140,2008-08-08,1922-10-11,1919-05-05,2008-08-08,115,Second Greco-Turkish,1,350,Greece,2,-8,11,1,2,-8,30000,4,[],[640L],['None'],['None'],['None'],['None'],['None'],['None'],[345L],['None'],['None']
141,2008-08-08,1921-10-20,1919-11-01,2008-08-08,116,Franco-Turkish,1,640,Turkey,2,-8,6,2,3,-8,35000,4,[],[220L],['None'],['None'],['None'],[700L],['None'],['None'],"[255L, 355L]",['None'],['None']
142,2008-08-08,1921-10-20,1919-11-01,2008-08-08,116,Franco-Turkish,1,220,France,1,-8,6,1,3,-8,5000,4,[],[640L],['None'],['None'],['None'],"[211L, 290L]",['None'],['None'],"[365L, 325L, 200L, 200L, 325L, 365L, 200L, 325L, 360L, 365L]","[2L, 200L, 740L]",['None']
143,2008-08-08,1920-12-01,1920-07-15,2008-08-08,117,Lithuanian-Polish,1,368,Lithuania,2,-8,2,2,2,-8,500,4,[],[290L],['None'],['None'],['None'],['None'],['None'],['None'],['None'],['None'],['None']
144,2008-08-08,1920-12-01,1920-07-15,2008-08-08,117,Lithuanian-Polish,1,290,Poland,1,-8,2,1,1,-8,500,4,[],[368L],['None'],['None'],['None'],['None'],['None'],['None'],['None'],"[220L, 360L]",['None']
145,2008-08-08,1929-12-03,1929-08-17,2008-08-08,118,Manchurian,1,365,USSR,1,-8,7,1,1,-8,200,4,[],[710L],"[630L, 640L, 255L, 700L, 368L, 630L]","[630L, 640L, 255L, 700L, 368L]","[630L, 640L, 255L, 700L, 368L, 630L]",['None'],['None'],[630L],['None'],['None'],['None']
146,2008-08-08,1929-12-03,1929-08-17,2008-08-08,118,Manchurian,1,710,China,2,-8,7,2,2,-8,3000,4,[],[365L],['None'],['None'],['None'],['None'],['None'],['None'],['None'],['None'],['None']
147,2008-08-08,1933-05-22,1931-12-19,2008-08-08,121,Second Sino-Japanese,1,740,Japan,1,-8,7,1,1,-8,10000,4,[],[710L],['None'],['None'],['None'],['None'],['None'],['None'],"[2L, 200L, 220L]",['None'],['None']
148,2008-08-08,1933-05-22,1931-12-19,2008-08-08,121,Second Sino-Japanese,1,710,China,2,-8,7,2,2,-8,50000,4,[],[740L],['None'],['None'],['None'],['None'],['None'],['None'],['None'],['None'],['None']
149,2008-08-08,1935-06-12,1932-06-15,2008-08-08,124,Chaco,1,145,Bolivia,2,-8,1,1,2,-8,56661,4,[],[150L],['None'],['None'],['None'],['None'],['None'],['None'],['None'],"[2L, 40L, 41L, 42L, 70L, 90L, 91L, 92L, 93L, 94L, 95L, 100L, 101L, 130L, 135L, 140L, 150L, 155L, 160L, 165L]",['None']
150,2008-08-08,1935-06-12,1932-06-15,2008-08-08,124,Chaco,1,150,Paraguay,1,-8,1,2,1,-8,36000,4,[],[145L],['None'],['None'],['None'],['None'],['None'],['None'],['None'],"[2L, 40L, 41L, 42L, 70L, 90L, 91L, 92L, 93L, 94L, 95L, 100L, 101L, 130L, 135L, 140L, 145L, 155L, 160L, 165L]",['None']
151,2008-08-08,1934-05-13,1934-03-20,2008-08-08,125,Saudi-Yemeni,1,670,Saudi Arabia,1,-8,6,1,1,-8,100,4,[],[678L],['None'],['None'],['None'],['None'],['None'],['None'],['None'],"[678L, 645L, 678L]",['None']
152,2008-08-08,1934-05-13,1934-03-20,2008-08-08,125,Saudi-Yemeni,1,678,Yemen Arab Republic,2,-8,6,2,2,-8,2000,4,[],[670L],['None'],['None'],['None'],['None'],['None'],['None'],['None'],"[670L, 645L, 670L]",['None']
153,2008-08-08,1936-05-09,1935-10-03,2008-08-08,127,Conquest of Ethiopia,1,325,Italy,1,-8,4,1,1,-8,4000,4,[],[530L],"[230L, 339L, 365L, 305L, 310L]","[230L, 339L, 365L]","[339L, 365L]",['None'],"[200L, 211L, 220L, 255L, 640L, 530L, 350L, 220L]","[305L, 310L, 220L]",[530L],"[230L, 255L, 310L, 740L, 345L]","[230L, 305L, 310L]"
154,2008-08-08,1936-05-09,1935-10-03,2008-08-08,127,Conquest of Ethiopia,1,530,Ethiopia,2,-8,4,2,2,-8,16000,4,[],[325L],['None'],['None'],['None'],['None'],[325L],['None'],[325L],['None'],['None']
155,2008-08-08,1941-12-06,1937-07-07,2008-08-08,130,Third Sino-Japanese,1,710,China,2,-8,7,2,2,-8,750000,4,[],[740L],['None'],['None'],['None'],[365L],['None'],['None'],['None'],['None'],['None']
156,2008-08-08,1941-12-06,1937-07-07,2008-08-08,130,Third Sino-Japanese,1,740,Japan,1,-8,7,1,1,-8,250000,4,[],[710L],['None'],['None'],['None'],"[800L, 255L, 310L, 325L, 355L, 360L, 365L]","[230L, 255L, 310L, 325L]","[230L, 255L, 310L, 325L]",['None'],[800L],"[800L, 255L, 310L, 325L, 355L, 360L]"
157,2008-08-08,1938-08-11,1938-07-29,2008-08-08,133,Changkufeng,1,365,USSR,2,-8,7,2,1,-8,1200,4,[],[740L],"[630L, 640L, 700L, 368L, 630L, 375L, 367L, 366L, 290L, 325L, 220L, 315L, 315L, 315L, 315L, 712L, 710L, 200L, 220L, 345L, 350L, 355L, 360L, 640L, 651L]","[630L, 640L, 700L, 368L, 630L, 375L, 367L, 366L, 290L, 325L, 220L, 315L, 315L, 315L, 315L, 712L]","[630L, 700L, 630L, 325L, 315L, 315L, 315L, 315L, 712L, 710L]",['None'],['None'],"[710L, 200L, 220L, 345L, 350L, 355L, 360L, 640L, 651L]",['None'],"[255L, 366L, 367L, 368L, 375L]","[640L, 368L, 375L, 367L, 366L, 290L, 220L, 200L, 220L, 345L, 350L, 355L, 360L, 640L, 651L, 366L, 367L, 368L]"
158,2008-08-08,1938-08-11,1938-07-29,2008-08-08,133,Changkufeng,1,740,Japan,1,-8,7,1,2,-8,526,4,[],[365L],"[230L, 255L, 310L, 325L]",['None'],['None'],['None'],['None'],"[230L, 255L, 310L, 325L]",['None'],[800L],"[230L, 255L, 310L, 325L]"
159,2008-08-08,1939-09-16,1939-05-11,2008-08-08,136,Nomonhan,1,365,USSR,1,-8,7,2,1,-8,5000,4,[712L],[740L],"[630L, 700L, 368L, 630L, 375L, 367L, 366L, 290L, 325L, 315L, 315L, 315L, 315L, 712L, 710L]","[630L, 700L, 368L, 630L, 375L, 367L, 366L, 290L, 325L, 315L, 315L, 315L, 315L, 712L]","[700L, 315L, 315L, 315L, 315L, 712L, 710L]",[255L],"[640L, 220L]","[710L, 200L, 220L, 345L, 350L, 355L, 360L, 640L, 651L]","[200L, 220L, 345L, 350L, 355L, 360L, 640L, 651L]","[366L, 367L, 368L, 375L, 345L, 740L, 200L]","[630L, 368L, 630L, 375L, 367L, 366L, 290L, 325L, 255L, 366L, 367L, 368L, 375L, 345L]"
160,2008-08-08,1939-09-16,1939-05-11,2008-08-08,136,Nomonhan,1,712,Mongolia,1,-8,7,2,1,-8,3000,4,[365L],[740L],[365L],[365L],[365L],['None'],['None'],['None'],['None'],['None'],['None']
161,2008-08-08,1939-09-16,1939-05-11,2008-08-08,136,Nomonhan,1,740,Japan,2,-8,7,1,2,-8,20000,4,[],"[365L, 712L]",['None'],['None'],['None'],['None'],"[230L, 255L, 310L, 325L]",['None'],['None'],"[800L, 255L, 310L, 325L, 355L, 360L, 365L]",['None']
162,2008-08-08,1945-01-20,1941-06-27,2008-08-08,139,World War II,1,310,Hungary,2,-8,2,2,2,-8,136000,4,"[220L, 375L, 325L, 360L, 355L, 255L, 740L]","[211L, 345L, 385L, 20L, 2L, 200L, 210L, 360L, 355L, 350L, 140L, 325L, 900L, 920L, 365L, 290L, 220L, 712L, 710L, 560L, 530L]",[640L],[640L],['None'],['None'],"[640L, 255L, 325L, 355L, 360L, 740L]","[255L, 325L, 355L, 360L, 740L]","[230L, 255L, 325L, 740L]",['None'],[640L]
163,2008-08-08,1940-05-28,1940-05-10,2008-08-08,139,World War II,1,211,Belgium,1,-8,2,2,1,-8,9600,4,"[345L, 385L, 20L, 2L, 200L, 210L, 360L, 355L, 350L, 140L, 325L, 900L, 920L, 365L, 290L, 220L, 712L, 710L, 560L, 530L]","[310L, 220L, 375L, 325L, 360L, 355L, 255L, 740L]",['None'],['None'],['None'],['None'],['None'],['None'],['None'],['None'],['None']
164,2008-08-08,1941-07-14,1940-07-07,2008-08-08,139,World War II,1,220,France,2,-8,2,2,2,-8,2500,4,"[310L, 375L, 325L, 360L, 355L, 255L, 740L]","[211L, 345L, 385L, 20L, 2L, 200L, 210L, 360L, 355L, 350L, 140L, 325L, 900L, 920L, 365L, 290L, 712L, 710L, 560L, 530L]","[200L, 640L]",['None'],"[200L, 640L]",['None'],['None'],"[255L, 640L, 200L, 640L]","[290L, 315L, 290L, 315L, 360L, 345L, 640L, 365L, 200L, 345L, 350L, 355L, 360L, 365L, 640L, 651L, 255L, 640L]",['None'],['None']
165,2008-08-08,1941-04-17,1941-04-06,2008-08-08,139,World War II,1,345,Yugoslavia,1,-8,2,2,1,-8,305000,4,"[211L, 385L, 20L, 2L, 200L, 210L, 360L, 355L, 350L, 140L, 325L, 900L, 920L, 365L, 290L, 220L, 712L, 710L, 560L, 530L]","[310L, 220L, 375L, 325L, 360L, 355L, 255L, 740L]","[350L, 640L, 325L, 365L]","[350L, 640L, 325L]",['None'],['None'],['None'],[365L],"[360L, 290L, 220L, 350L, 360L, 640L, 350L, 355L, 360L, 640L]",['None'],"[350L, 640L, 325L, 365L]"
166,2008-08-08,1944-09-19,1941-06-25,2008-08-08,139,World War II,1,375,Finland,2,-8,2,2,2,-8,65000,4,"[310L, 220L, 325L, 360L, 355L, 255L, 740L]","[211L, 345L, 385L, 20L, 2L, 200L, 210L, 360L, 355L, 350L, 140L, 325L, 900L, 920L, 365L, 290L, 220L, 712L, 710L, 560L, 530L]",['None'],['None'],['None'],['None'],[365L],[365L],"[365L, 365L]",['None'],['None']
167,2008-08-08,1940-06-09,1940-04-09,2008-08-08,139,World War II,1,385,Norway,1,-8,2,2,1,-8,3000,4,"[211L, 345L, 20L, 2L, 200L, 210L, 360L, 355L, 350L, 140L, 325L, 900L, 920L, 365L, 290L, 220L, 712L, 710L, 560L, 530L]","[310L, 220L, 375L, 325L, 360L, 355L, 255L, 740L]",['None'],['None'],['None'],['None'],['None'],['None'],['None'],['None'],['None']
168,2008-08-08,1945-08-14,1939-09-10,2008-08-08,139,World War II,1,20,Canada,1,-8,2,2,1,-8,41992,4,"[211L, 345L, 385L, 2L, 200L, 210L, 360L, 355L, 350L, 140L, 325L, 900L, 920L, 365L, 290L, 220L, 712L, 710L, 560L, 530L]","[310L, 220L, 375L, 325L, 360L, 355L, 255L, 740L]",['None'],['None'],['None'],['None'],['None'],['None'],['None'],['None'],['None']
169,2008-08-08,1945-08-14,1941-12-07,2008-08-08,139,World War II,1,2,United States of America,1,-8,19,2,1,-8,405400,4,"[211L, 345L, 385L, 20L, 200L, 210L, 360L, 355L, 350L, 140L, 325L, 900L, 920L, 365L, 290L, 220L, 712L, 710L, 560L, 530L]","[310L, 220L, 375L, 325L, 360L, 355L, 255L, 740L]",['None'],['None'],['None'],"[40L, 41L, 42L, 70L, 90L, 91L, 93L, 94L, 95L, 100L, 101L, 130L, 135L, 140L, 145L, 150L, 155L, 160L, 165L]","[40L, 41L, 42L, 70L, 90L, 91L, 92L, 93L, 94L, 95L, 100L, 101L, 130L, 135L, 140L, 145L, 150L, 155L, 160L, 165L]",['None'],['None'],['None'],['None']
170,2008-08-08,1945-08-14,1939-09-03,2008-08-08,139,World War II,1,200,United Kingdom,1,-8,15,2,1,-8,418765,4,"[211L, 345L, 385L, 20L, 2L, 210L, 360L, 355L, 350L, 140L, 325L, 900L, 920L, 365L, 290L, 220L, 712L, 710L, 560L, 530L]","[310L, 220L, 375L, 325L, 360L, 355L, 255L, 740L]","[645L, 651L]","[645L, 651L]","[645L, 651L]","[220L, 640L, 800L, 365L, 365L, 630L]","[290L, 800L]","[220L, 345L, 350L, 355L, 360L, 365L, 640L, 651L, 290L]","[220L, 345L, 350L, 355L, 360L, 365L, 640L, 651L]","[663L, 220L]","[220L, 640L, 365L, 630L]"
171,2008-08-08,1940-05-14,1940-05-10,2008-08-08,139,World War II,1,210,Netherlands,1,-8,2,2,1,-8,7900,4,"[211L, 345L, 385L, 20L, 2L, 200L, 360L, 355L, 350L, 140L, 325L, 900L, 920L, 365L, 290L, 220L, 712L, 710L, 560L, 530L]","[310L, 220L, 375L, 325L, 360L, 355L, 255L, 740L]",['None'],['None'],['None'],['None'],['None'],['None'],['None'],['None'],['None']
172,2008-08-08,1943-09-02,1940-06-10,2008-08-08,139,World War II,1,325,Italy,2,-8,14,2,2,-8,174500,4,"[310L, 220L, 375L, 360L, 355L, 255L, 740L]","[211L, 345L, 385L, 20L, 2L, 200L, 210L, 360L, 355L, 350L, 140L, 900L, 920L, 365L, 290L, 220L, 712L, 710L, 560L, 530L]",[255L],['None'],['None'],"[255L, 310L, 355L, 360L, 740L]","[365L, 345L, 255L, 255L, 310L, 355L, 360L, 740L]",[255L],"[339L, 230L, 255L, 310L, 740L]",['None'],[255L]
173,2008-08-08,1945-05-07,1944-09-09,2008-08-08,139,World War II,1,360,Romania,1,-8,2,2,1,-8,10000,4,"[211L, 345L, 385L, 20L, 2L, 200L, 210L, 355L, 350L, 140L, 325L, 900L, 920L, 365L, 290L, 220L, 712L, 710L, 560L, 530L]","[310L, 220L, 375L, 325L, 355L, 255L, 740L]",['None'],['None'],['None'],['None'],['None'],['None'],[640L],['None'],['None']
174,2008-08-08,1944-08-23,1941-06-22,2008-08-08,139,World War II,1,360,Romania,2,-8,2,2,2,-8,290000,4,"[310L, 220L, 375L, 325L, 355L, 255L, 740L]","[211L, 345L, 385L, 20L, 2L, 200L, 210L, 355L, 350L, 140L, 325L, 900L, 920L, 365L, 290L, 220L, 712L, 710L, 560L, 530L]",[640L],[640L],['None'],['None'],"[255L, 310L, 325L, 355L, 740L]","[255L, 310L, 325L, 355L, 740L]","[290L, 345L, 220L, 345L, 350L, 640L, 345L, 350L, 355L, 640L]",['None'],[640L]
175,2008-08-08,1944-09-08,1941-12-13,2008-08-08,139,World War II,1,355,Bulgaria,2,-8,2,2,2,-8,9000,4,"[310L, 220L, 375L, 325L, 360L, 255L, 740L]","[211L, 345L, 385L, 20L, 2L, 200L, 210L, 360L, 350L, 140L, 325L, 900L, 920L, 365L, 290L, 220L, 712L, 710L, 560L, 530L]",['None'],['None'],['None'],['None'],['None'],"[255L, 310L, 325L, 360L, 740L]","[345L, 350L, 360L, 640L, 255L, 310L, 325L, 360L, 740L]",['None'],['None']
176,2008-08-08,1945-05-07,1944-09-09,2008-08-08,139,World War II,1,355,Bulgaria,1,-8,2,2,1,-8,1000,4,"[211L, 345L, 385L, 20L, 2L, 200L, 210L, 360L, 350L, 140L, 325L, 900L, 920L, 365L, 290L, 220L, 712L, 710L, 560L, 530L]","[310L, 220L, 375L, 325L, 360L, 255L, 740L]",['None'],['None'],['None'],['None'],['None'],['None'],['None'],['None'],['None']
177,2008-08-08,1941-04-23,1940-10-25,2008-08-08,139,World War II,1,350,Greece,1,-8,2,2,1,-8,18300,4,"[211L, 345L, 385L, 20L, 2L, 200L, 210L, 360L, 355L, 140L, 325L, 900L, 920L, 365L, 290L, 220L, 712L, 710L, 560L, 530L]","[310L, 220L, 375L, 325L, 360L, 355L, 255L, 740L]",[640L],[640L],['None'],['None'],"[345L, 640L, 345L, 360L, 640L]",['None'],"[200L, 220L, 345L, 355L, 360L, 365L, 640L, 651L, 345L, 355L, 360L, 640L]",['None'],[640L]
178,2008-08-08,1945-05-07,1944-07-06,2008-08-08,139,World War II,1,140,Brazil,1,-8,2,2,1,-8,1000,4,"[211L, 345L, 385L, 20L, 2L, 200L, 210L, 360L, 355L, 350L, 325L, 900L, 920L, 365L, 290L, 220L, 712L, 710L, 560L, 530L]","[310L, 220L, 375L, 325L, 360L, 355L, 255L, 740L]",['None'],['None'],['None'],"[2L, 40L, 41L, 42L, 70L, 90L, 91L, 93L, 94L, 95L, 100L, 101L, 130L, 135L, 145L, 150L, 155L, 160L, 165L]","[2L, 40L, 41L, 42L, 70L, 90L, 91L, 92L, 93L, 94L, 95L, 100L, 101L, 130L, 135L, 145L, 150L, 155L, 160L, 165L]",['None'],['None'],['None'],['None']
179,2008-08-08,1945-05-07,1943-10-18,2008-08-08,139,World War II,1,325,Italy,1,-8,14,2,1,-8,52400,4,"[211L, 345L, 385L, 20L, 2L, 200L, 210L, 360L, 355L, 350L, 140L, 900L, 920L, 365L, 290L, 220L, 712L, 710L, 560L, 530L]","[310L, 220L, 375L, 360L, 355L, 255L, 740L]",['None'],['None'],['None'],['None'],['None'],['None'],"[255L, 255L, 310L, 355L, 360L, 740L]",['None'],['None']
180,2008-08-08,1945-08-14,1939-09-03,2008-08-08,139,World War II,1,900,Australia,1,-8,16,2,1,-8,33826,4,"[211L, 345L, 385L, 20L, 2L, 200L, 210L, 360L, 355L, 350L, 140L, 325L, 920L, 365L, 290L, 220L, 712L, 710L, 560L, 530L]","[310L, 220L, 375L, 325L, 360L, 355L, 255L, 740L]",['None'],['None'],['None'],[920L],['None'],['None'],['None'],['None'],['None']
181,2008-08-08,1945-08-14,1939-09-03,2008-08-08,139,World War II,1,920,New Zealand,1,-8,16,2,1,-8,12200,4,"[211L, 345L, 385L, 20L, 2L, 200L, 210L, 360L, 355L, 350L, 140L, 325L, 900L, 365L, 290L, 220L, 712L, 710L, 560L, 530L]","[310L, 220L, 375L, 325L, 360L, 355L, 255L, 740L]",['None'],['None'],['None'],[900L],['None'],['None'],['None'],['None'],['None']
182,1945-08-08,1945-05-07,1941-06-22,1945-08-14,139,World War II,1,365,USSR,1,-8,12,2,1,-8,7500000,4,"[211L, 345L, 385L, 20L, 2L, 200L, 210L, 360L, 355L, 350L, 140L, 325L, 900L, 920L, 290L, 220L, 712L, 710L, 560L, 530L]","[310L, 220L, 375L, 325L, 360L, 355L, 255L, 740L]","[700L, 315L, 315L, 315L, 315L, 712L, 710L]","[700L, 315L, 315L, 315L, 315L, 712L, 710L]","[700L, 315L, 315L, 315L, 315L, 712L]","[200L, 200L, 630L, 220L, 345L, 290L]","[630L, 630L, 325L, 255L, 375L, 740L]","[255L, 366L, 367L, 368L, 375L, 345L, 740L]","[640L, 368L, 375L, 367L, 366L, 290L, 325L, 220L, 255L, 366L, 367L, 368L, 345L]",[710L],"[710L, 200L, 630L]"
183,2008-08-08,1945-05-07,1939-09-01,2008-08-08,139,World War II,1,255,Germany,2,-8,14,1,2,-8,3500000,4,"[310L, 220L, 375L, 325L, 360L, 355L, 740L]","[211L, 345L, 385L, 20L, 2L, 200L, 210L, 360L, 355L, 350L, 140L, 325L, 900L, 920L, 365L, 290L, 220L, 712L, 710L, 560L, 530L]",['None'],['None'],['None'],"[310L, 325L, 355L, 360L, 740L, 640L]","[220L, 325L, 390L, 366L, 367L, 365L, 310L, 325L, 355L, 360L, 740L]","[220L, 325L, 390L, 366L, 367L, 365L]","[290L, 230L, 310L, 325L, 740L]",['None'],[640L]
184,2008-08-08,1939-09-27,1939-09-01,2008-08-08,139,World War II,1,290,Poland,1,-8,2,2,1,-8,320000,4,"[211L, 345L, 385L, 20L, 2L, 200L, 210L, 360L, 355L, 350L, 140L, 325L, 900L, 920L, 365L, 220L, 712L, 710L, 560L, 530L]","[310L, 220L, 375L, 325L, 360L, 355L, 255L, 740L]","[220L, 220L, 345L, 200L]","[220L, 220L, 345L]",['None'],['None'],"[220L, 360L, 220L, 345L, 365L, 200L]",[200L],[255L],['None'],"[220L, 220L, 345L, 200L]"
185,1944-10-23,1940-06-22,1939-09-03,1945-08-14,139,World War II,1,220,France,1,-8,2,2,1,-8,210824,4,"[211L, 345L, 385L, 20L, 2L, 200L, 210L, 360L, 355L, 350L, 140L, 325L, 900L, 920L, 365L, 290L, 712L, 710L, 560L, 530L]","[310L, 375L, 325L, 360L, 355L, 255L, 740L]","[360L, 345L, 640L]","[360L, 345L, 640L]",['None'],"[200L, 640L]","[290L, 290L, 360L, 345L, 640L, 365L, 255L, 640L]","[200L, 345L, 350L, 355L, 360L, 365L, 640L, 651L, 255L, 640L]","[315L, 315L, 365L, 200L, 345L, 350L, 355L, 360L, 365L, 640L, 651L, 255L]",['None'],"[360L, 345L, 640L]"
186,2008-08-08,1945-08-14,1941-12-07,2008-08-08,139,World War II,1,740,Japan,2,-8,17,2,2,-8,1740000,4,"[310L, 220L, 375L, 325L, 360L, 355L, 255L]","[211L, 345L, 385L, 20L, 2L, 200L, 210L, 360L, 355L, 350L, 140L, 325L, 900L, 920L, 365L, 290L, 220L, 712L, 710L, 560L, 530L]",['None'],['None'],['None'],[800L],"[800L, 255L, 310L, 325L, 355L, 360L, 365L]","[800L, 255L, 310L, 325L, 355L, 360L, 365L]",['None'],['None'],[800L]
187,2008-08-08,1945-08-14,1945-08-10,2008-08-08,139,World War II,1,712,Mongolia,1,-8,7,2,1,-8,3000,4,"[211L, 345L, 385L, 20L, 2L, 200L, 210L, 360L, 355L, 350L, 140L, 325L, 900L, 920L, 365L, 290L, 220L, 710L, 560L, 530L]","[310L, 220L, 375L, 325L, 360L, 355L, 255L, 740L]",[365L],[365L],[365L],['None'],['None'],['None'],['None'],['None'],['None']
188,2008-08-08,1945-08-14,1941-12-07,2008-08-08,139,World War II,1,710,China,1,-8,7,2,1,-8,1350000,4,"[211L, 345L, 385L, 20L, 2L, 200L, 210L, 360L, 355L, 350L, 140L, 325L, 900L, 920L, 365L, 290L, 220L, 712L, 560L, 530L]","[310L, 220L, 375L, 325L, 360L, 355L, 255L, 740L]",[365L],[365L],['None'],[365L],[365L],['None'],['None'],[365L],[365L]
189,2008-08-08,1945-08-14,1939-09-06,2008-08-08,139,World War II,1,560,South Africa,1,-8,4,2,1,-8,8700,4,"[211L, 345L, 385L, 20L, 2L, 200L, 210L, 360L, 355L, 350L, 140L, 325L, 900L, 920L, 365L, 290L, 220L, 712L, 710L, 530L]","[310L, 220L, 375L, 325L, 360L, 355L, 255L, 740L]",['None'],['None'],['None'],['None'],['None'],['None'],['None'],['None'],['None']
190,2008-08-08,1941-07-03,1941-01-24,2008-08-08,139,World War II,1,530,Ethiopia,1,-8,4,2,1,-8,5000,4,"[211L, 345L, 385L, 20L, 2L, 200L, 210L, 360L, 355L, 350L, 140L, 325L, 900L, 920L, 365L, 290L, 220L, 712L, 710L, 560L]","[310L, 220L, 375L, 325L, 360L, 355L, 255L, 740L]",['None'],['None'],['None'],['None'],['None'],['None'],['None'],['None'],['None']
191,2008-08-08,1940-03-12,1939-11-30,2008-08-08,142,Russo-Finnish,1,375,Finland,2,-8,2,2,2,-8,24923,4,[],[365L],['None'],['None'],['None'],[365L],['None'],['None'],[365L],[365L],[365L]
192,2008-08-08,1940-03-12,1939-11-30,2008-08-08,142,Russo-Finnish,1,365,USSR,1,-8,2,1,1,-8,126875,4,[],[375L],"[630L, 700L, 630L, 325L, 315L, 315L, 315L, 315L, 712L, 710L, 255L, 366L, 367L, 368L]","[630L, 700L, 630L, 325L, 315L, 315L, 315L, 315L, 712L, 710L]","[700L, 315L, 315L, 315L, 315L, 712L, 710L]",[375L],['None'],"[255L, 366L, 367L, 368L]","[640L, 368L, 375L, 367L, 366L, 290L, 220L, 200L, 220L, 345L, 350L, 355L, 360L, 640L, 651L]","[375L, 345L, 740L, 200L, 200L, 630L]","[630L, 630L, 325L, 255L, 366L, 367L, 368L, 375L, 345L]"
193,2008-08-08,1941-01-28,1940-12-01,2008-08-08,145,Franco-Thai,1,220,France,2,-8,7,2,2,-8,700,4,[],[800L],"[200L, 640L]",['None'],"[200L, 640L]",['None'],['None'],"[255L, 640L, 200L, 640L]","[290L, 290L, 360L, 345L, 640L, 365L, 200L, 345L, 350L, 355L, 360L, 365L, 640L, 651L, 255L, 640L]",['None'],['None']
194,2008-08-08,1941-01-28,1940-12-01,2008-08-08,145,Franco-Thai,1,800,Thailand,1,-8,7,1,1,-8,700,4,[],[220L],[740L],['None'],['None'],['None'],[200L],"[200L, 740L]",[200L],[740L],[740L]
195,2008-08-08,1949-01-01,1947-10-26,2008-08-08,147,First Kashmir,1,750,India,1,-8,7,1,6,-8,2500,4,[],[770L],['None'],['None'],['None'],['None'],['None'],['None'],['None'],['None'],['None']
196,2008-08-08,1949-01-01,1947-10-26,2008-08-08,147,First Kashmir,1,770,Pakistan,2,-8,7,2,6,-8,1000,4,[],[750L],['None'],['None'],['None'],['None'],['None'],['None'],['None'],['None'],['None']
197,1948-10-15,1948-07-18,1948-05-15,1949-01-07,148,Arab-Israeli,1,666,Israel,1,1572,6,2,1,-8,3000,4,[],"[651L, 652L, 660L, 663L, 645L]",['None'],['None'],['None'],['None'],['None'],['None'],['None'],['None'],['None']
198,1948-10-15,1948-07-18,1948-05-15,1949-01-07,148,Arab-Israeli,1,651,Egypt,2,1572,6,2,2,-8,2000,4,"[652L, 660L, 663L, 645L]",[666L],[200L],[200L],[200L],['None'],['None'],['None'],['None'],"[520L, 600L, 615L, 616L, 620L, 625L, 645L, 652L, 652L, 660L, 663L, 670L, 678L, 679L, 680L, 690L, 692L, 694L, 696L, 520L, 600L, 615L, 616L, 620L, 625L, 645L, 652L, 652L, 660L, 663L, 670L, 678L, 679L, 680L, 690L, 692L, 694L, 696L]",['None']
199,1948-10-15,1948-07-18,1948-05-15,1948-10-31,148,Arab-Israeli,1,652,Syria,2,1572,6,2,2,-8,1000,4,"[651L, 660L, 663L, 645L]",[666L],['None'],['None'],['None'],['None'],['None'],['None'],['None'],"[520L, 600L, 615L, 616L, 620L, 625L, 645L, 651L, 651L, 660L, 663L, 670L, 678L, 679L, 680L, 690L, 692L, 694L, 696L, 520L, 600L, 615L, 616L, 620L, 625L, 645L, 651L, 651L, 660L, 663L, 670L, 678L, 679L, 680L, 690L, 692L, 694L, 696L]",['None']
200,1948-10-15,1948-07-18,1948-05-15,1948-10-31,148,Arab-Israeli,1,660,Lebanon,2,1572,6,2,2,-8,500,4,"[651L, 652L, 663L, 645L]",[666L],['None'],['None'],['None'],['None'],['None'],['None'],['None'],"[520L, 600L, 615L, 616L, 620L, 625L, 645L, 651L, 651L, 652L, 652L, 663L, 670L, 678L, 679L, 680L, 690L, 692L, 694L, 696L]",['None']
201,1948-10-15,1948-07-18,1948-05-15,1948-10-31,148,Arab-Israeli,1,663,Jordan,2,1572,6,1,2,-8,1000,4,"[651L, 652L, 660L, 645L]",[666L],"[200L, 645L]",[200L],"[200L, 645L]",['None'],['None'],[645L],['None'],"[520L, 600L, 615L, 616L, 620L, 625L, 645L, 651L, 651L, 652L, 652L, 660L, 670L, 678L, 679L, 680L, 690L, 692L, 694L, 696L]",['None']
202,1948-10-15,1948-07-18,1948-05-15,1948-10-31,148,Arab-Israeli,1,645,Iraq,2,1572,6,2,2,-8,500,4,"[651L, 652L, 660L, 663L]",[666L],"[200L, 670L, 678L, 630L, 640L, 700L, 663L]","[200L, 670L, 678L, 630L, 640L, 700L]","[200L, 670L, 678L, 630L, 640L, 700L, 663L]",['None'],['None'],[663L],['None'],"[520L, 600L, 615L, 616L, 620L, 625L, 651L, 651L, 652L, 652L, 660L, 663L, 670L, 678L, 679L, 680L, 690L, 692L, 694L, 696L]",['None']
203,2008-08-08,1953-07-27,1950-10-27,2008-08-08,151,Korean,1,710,China,2,-8,7,2,6,-8,422612,4,[731L],"[211L, 20L, 100L, 200L, 210L, 350L, 220L, 640L, 840L, 800L, 530L, 900L, 732L, 2L]",[365L],['None'],[365L],['None'],['None'],[365L],[365L],['None'],['None']
204,2008-08-08,1953-07-27,1951-01-20,2008-08-08,151,Korean,1,211,Belgium,1,-8,7,2,6,-8,97,4,"[20L, 100L, 200L, 210L, 350L, 220L, 640L, 840L, 800L, 530L, 900L, 732L, 2L]","[710L, 731L]",['None'],['None'],['None'],['None'],['None'],"[2L, 20L, 200L, 210L, 212L, 220L, 230L, 235L, 255L, 260L, 290L, 310L, 316L, 325L, 350L, 385L, 390L, 395L, 640L]",['None'],['None'],['None']
205,2008-08-08,1953-07-27,1950-12-19,2008-08-08,151,Korean,1,20,Canada,1,-8,7,2,6,-8,309,4,"[211L, 100L, 200L, 210L, 350L, 220L, 640L, 840L, 800L, 530L, 900L, 732L, 2L]","[710L, 731L]",['None'],['None'],['None'],['None'],['None'],"[2L, 200L, 210L, 211L, 212L, 220L, 230L, 235L, 255L, 260L, 290L, 310L, 316L, 325L, 350L, 385L, 390L, 395L, 640L]",['None'],['None'],['None']
206,2008-08-08,1953-07-27,1951-06-06,2008-08-08,151,Korean,1,100,Colombia,1,-8,7,2,6,-8,140,4,"[211L, 20L, 200L, 210L, 350L, 220L, 640L, 840L, 800L, 530L, 900L, 732L, 2L]","[710L, 731L]",['None'],['None'],['None'],['None'],['None'],['None'],['None'],['None'],['None']
207,2008-08-08,1953-07-27,1950-08-29,2008-08-08,151,Korean,1,200,United Kingdom,1,-8,7,2,6,-8,710,4,"[211L, 20L, 100L, 210L, 350L, 220L, 640L, 840L, 800L, 530L, 900L, 732L, 2L]","[710L, 731L]","[645L, 365L, 663L]","[645L, 365L, 663L]",[663L],['None'],[651L],"[2L, 20L, 210L, 211L, 212L, 220L, 230L, 235L, 255L, 260L, 290L, 310L, 316L, 325L, 350L, 385L, 390L, 395L, 640L]",['None'],"[620L, 2L, 220L, 770L, 800L, 840L, 900L, 920L, 651L, 2L, 630L, 640L, 645L, 770L, 645L]","[645L, 365L]"
208,2008-08-08,1953-07-27,1951-01-20,2008-08-08,151,Korean,1,210,Netherlands,1,-8,7,2,6,-8,111,4,"[211L, 20L, 100L, 200L, 350L, 220L, 640L, 840L, 800L, 530L, 900L, 732L, 2L]","[710L, 731L]",['None'],['None'],['None'],['None'],['None'],"[2L, 20L, 200L, 211L, 212L, 220L, 230L, 235L, 255L, 260L, 290L, 310L, 316L, 325L, 350L, 385L, 390L, 395L, 640L]",['None'],['None'],['None']
209,2008-08-08,1953-07-27,1951-01-20,2008-08-08,151,Korean,1,350,Greece,1,-8,7,2,6,-8,169,4,"[211L, 20L, 100L, 200L, 210L, 220L, 640L, 840L, 800L, 530L, 900L, 732L, 2L]","[710L, 731L]",['None'],['None'],['None'],"[345L, 345L, 640L, 640L, 345L, 345L, 640L, 640L]",['None'],"[2L, 20L, 200L, 210L, 211L, 212L, 220L, 230L, 235L, 255L, 260L, 290L, 310L, 316L, 325L, 385L, 390L, 395L, 640L]",['None'],['None'],['None']
210,2008-08-08,1953-07-27,1951-01-01,2008-08-08,151,Korean,1,220,France,1,-8,7,2,6,-8,288,4,"[211L, 20L, 100L, 200L, 210L, 350L, 640L, 840L, 800L, 530L, 900L, 732L, 2L]","[710L, 731L]",[365L],[365L],['None'],['None'],['None'],"[2L, 20L, 200L, 210L, 211L, 212L, 230L, 235L, 255L, 260L, 290L, 310L, 316L, 325L, 350L, 385L, 390L, 395L, 640L]",['None'],"[2L, 200L, 770L, 800L, 840L, 900L, 920L]",[365L]
211,2008-08-08,1953-07-27,1950-10-18,2008-08-08,151,Korean,1,640,Turkey,1,-8,7,2,6,-8,717,4,"[211L, 20L, 100L, 200L, 210L, 350L, 220L, 840L, 800L, 530L, 900L, 732L, 2L]","[710L, 731L]","[630L, 645L, 700L]","[630L, 645L, 700L]",['None'],"[345L, 345L, 350L, 350L, 345L, 345L, 350L, 350L]",['None'],"[2L, 20L, 200L, 210L, 211L, 212L, 220L, 230L, 235L, 255L, 260L, 290L, 310L, 316L, 325L, 350L, 385L, 390L, 395L]",['None'],"[770L, 2L, 200L, 630L, 645L, 770L]","[630L, 645L, 700L]"
212,2008-08-08,1953-07-27,1950-09-16,2008-08-08,151,Korean,1,840,Philippines,1,-8,7,2,6,-8,92,4,"[211L, 20L, 100L, 200L, 210L, 350L, 220L, 640L, 800L, 530L, 900L, 732L, 2L]","[710L, 731L]",['None'],['None'],['None'],[2L],['None'],['None'],['None'],"[2L, 200L, 220L, 770L, 800L, 900L, 920L]",['None']
213,2008-08-08,1953-07-27,1951-01-20,2008-08-08,151,Korean,1,800,Thailand,1,-8,7,2,6,-8,114,4,"[211L, 20L, 100L, 200L, 210L, 350L, 220L, 640L, 840L, 530L, 900L, 732L, 2L]","[710L, 731L]",['None'],['None'],['None'],['None'],['None'],['None'],['None'],"[2L, 200L, 220L, 770L, 840L, 900L, 920L]",['None']
214,2008-08-08,1953-07-27,1950-06-24,2008-08-08,151,Korean,1,731,North Korea,2,-8,7,1,6,-8,316579,4,[710L],"[211L, 20L, 100L, 200L, 210L, 350L, 220L, 640L, 840L, 800L, 530L, 900L, 732L, 2L]",['None'],['None'],['None'],['None'],['None'],['None'],['None'],['None'],['None']
215,2008-08-08,1953-07-27,1951-05-01,2008-08-08,151,Korean,1,530,Ethiopia,1,-8,7,2,6,-8,120,4,"[211L, 20L, 100L, 200L, 210L, 350L, 220L, 640L, 840L, 800L, 900L, 732L, 2L]","[710L, 731L]",['None'],['None'],['None'],['None'],['None'],['None'],['None'],['None'],['None']
216,2008-08-08,1953-07-27,1950-12-10,2008-08-08,151,Korean,1,900,Australia,1,-8,7,2,6,-8,291,4,"[211L, 20L, 100L, 200L, 210L, 350L, 220L, 640L, 840L, 800L, 530L, 732L, 2L]","[710L, 731L]",['None'],['None'],['None'],"[2L, 920L]",[920L],['None'],['None'],"[2L, 200L, 220L, 770L, 800L, 840L, 920L]",['None']
217,2008-08-08,1953-07-27,1950-06-24,2008-08-08,151,Korean,1,732,South Korea,1,-8,7,2,6,-8,113248,4,"[211L, 20L, 100L, 200L, 210L, 350L, 220L, 640L, 840L, 800L, 530L, 900L, 2L]","[710L, 731L]",['None'],['None'],['None'],['None'],['None'],['None'],['None'],[2L],['None']
218,2008-08-08,1953-07-27,1950-06-27,2008-08-08,151,Korean,1,2,United States of America,1,-8,7,2,6,-8,54487,4,"[211L, 20L, 100L, 200L, 210L, 350L, 220L, 640L, 840L, 800L, 530L, 900L, 732L]","[710L, 731L]",['None'],['None'],['None'],"[840L, 900L, 920L, 740L]",['None'],"[20L, 200L, 210L, 211L, 212L, 220L, 230L, 235L, 255L, 260L, 290L, 310L, 316L, 325L, 350L, 385L, 390L, 395L, 640L]",['None'],"[732L, 200L, 220L, 770L, 800L, 840L, 900L, 920L, 713L, 200L, 630L, 640L, 645L, 770L]",['None']
219,2008-08-08,1955-04-23,1954-09-03,2008-08-08,153,Off-shore Islands,1,710,China,1,-8,7,1,1,-8,1003,4,[],[713L],[365L],[365L],[365L],['None'],['None'],['None'],['None'],['None'],['None']
220,2008-08-08,1955-04-23,1954-09-03,2008-08-08,153,Off-shore Islands,1,713,Taiwan,2,-8,7,2,2,-8,1367,4,[],[710L],['None'],['None'],['None'],[2L],['None'],['None'],['None'],['None'],['None']
221,2008-08-08,1956-11-06,1956-10-31,2008-08-08,155,Sinai War,1,220,France,1,-8,6,2,1,-8,10,4,"[666L, 200L]",[651L],"[2L, 200L, 770L, 800L, 840L, 900L, 920L, 620L, 600L, 200L, 666L]","[2L, 200L, 770L, 800L, 840L, 900L, 920L]","[2L, 200L, 770L, 800L, 840L, 900L, 920L, 620L, 600L]",['None'],"[200L, 666L]","[620L, 600L, 200L, 666L]",[365L],['None'],"[200L, 666L]"
222,2008-08-08,1956-11-06,1956-10-29,2008-08-08,155,Sinai War,1,666,Israel,1,-8,6,1,1,-8,189,4,"[220L, 200L]",[651L],"[200L, 220L]",['None'],['None'],['None'],"[200L, 220L]","[200L, 220L]",['None'],['None'],"[200L, 220L]"
223,2008-08-08,1956-11-06,1956-10-29,2008-08-08,155,Sinai War,1,651,Egypt,2,-8,6,2,2,-8,3000,4,[],"[220L, 666L, 200L]","[652L, 663L, 670L, 678L]",['None'],"[652L, 663L, 670L, 678L]",['None'],[200L],"[652L, 663L, 670L, 670L, 678L]",[670L],['None'],['None']
224,2008-08-08,1956-11-06,1956-10-31,2008-08-08,155,Sinai War,1,200,United Kingdom,1,-8,6,2,1,-8,22,4,"[220L, 666L]",[651L],"[620L, 2L, 220L, 770L, 800L, 840L, 900L, 920L, 2L, 630L, 640L, 645L, 770L, 645L, 220L, 666L]","[620L, 2L, 220L, 770L, 800L, 840L, 900L, 920L]","[620L, 2L, 220L, 770L, 800L, 840L, 900L, 920L, 2L, 630L, 640L, 645L, 770L, 645L]",['None'],"[651L, 220L, 666L]","[2L, 630L, 640L, 645L, 770L, 645L, 220L, 666L]","[645L, 365L, 663L, 651L]",[820L],"[220L, 666L]"
225,2008-08-08,1956-11-14,1956-11-04,2008-08-08,156,Soviet Invasion of Hungary,1,310,Hungary,2,-8,2,2,2,-8,926,4,[],[365L],"[360L, 365L, 290L, 355L, 315L, 265L, 290L, 315L, 339L, 355L, 360L, 365L]","[360L, 365L, 290L, 355L, 315L]","[360L, 365L, 290L, 355L, 315L, 265L, 290L, 315L, 339L, 355L, 360L, 365L]",['None'],['None'],"[265L, 290L, 315L, 339L, 355L, 360L, 365L]",['None'],['None'],['None']
226,2008-08-08,1956-11-14,1956-11-04,2008-08-08,156,Soviet Invasion of Hungary,1,365,USSR,1,-8,2,1,1,-8,1500,4,[],[310L],"[700L, 315L, 315L, 315L, 315L, 712L, 290L, 360L, 310L, 355L, 375L, 710L, 265L, 290L, 310L, 315L, 339L, 355L, 360L]","[700L, 315L, 315L, 315L, 315L, 712L, 290L, 360L, 310L, 355L, 375L, 710L]","[700L, 315L, 315L, 315L, 315L, 712L, 290L, 360L, 310L, 355L, 375L, 710L, 265L, 290L, 310L, 315L, 339L, 355L, 360L]",['None'],['None'],"[265L, 290L, 310L, 315L, 339L, 355L, 360L]","[200L, 220L]",['None'],['None']
227,2008-08-08,1958-04-10,1958-02-10,2008-08-08,158,IfniWar,1,220,France,1,-8,6,2,1,-8,0,4,[230L],[600L],"[2L, 200L, 770L, 800L, 840L, 900L, 920L, 620L, 600L]","[2L, 200L, 770L, 800L, 840L, 900L, 920L, 620L]","[2L, 200L, 770L, 800L, 840L, 900L, 920L, 620L, 600L]",['None'],['None'],"[600L, 200L, 666L]","[200L, 666L]",['None'],['None']
228,2008-08-08,1958-04-10,1957-11-21,2008-08-08,158,IfniWar,1,230,Spain,1,-8,6,2,1,-8,122,4,[220L],[600L],[235L],[235L],[235L],['None'],['None'],['None'],['None'],['None'],['None']
229,2008-08-08,1958-04-10,1957-11-21,2008-08-08,158,IfniWar,1,600,Morocco,2,-8,6,1,2,-8,1000,4,[],"[220L, 230L]",[220L],['None'],[220L],['None'],['None'],[220L],['None'],['None'],['None']
230,2008-08-08,1958-11-23,1958-08-23,2008-08-08,159,Taiwan Straits,1,710,China (PRC),1,-8,7,1,6,-8,300,4,[],[713L],[365L],[365L],[365L],['None'],['None'],['None'],['None'],"[775L, 700L]",['None']
231,2008-08-08,1958-11-23,1958-08-23,2008-08-08,159,Taiwan Straits,1,713,Taiwan (ROC),2,-8,7,2,6,-8,1500,4,[],[710L],[2L],[2L],[2L],['None'],['None'],['None'],['None'],['None'],['None']
232,2008-08-08,1962-11-22,1962-10-20,2008-08-08,160,Assam,1,750,India,2,-8,7,2,2,-8,1353,4,[],[710L],"[2L, 20L, 200L, 220L, 290L, 365L, 710L, 775L, 800L, 811L, 816L, 817L]",['None'],['None'],['None'],['None'],"[2L, 20L, 200L, 220L, 290L, 365L, 710L, 775L, 800L, 811L, 816L, 817L]",['None'],['None'],"[2L, 20L, 200L, 220L, 290L, 365L, 710L, 775L, 800L, 811L, 816L, 817L]"
233,2008-08-08,1962-11-22,1962-10-20,2008-08-08,160,Assam,1,710,China (PRC),1,-8,7,1,1,-8,500,4,[],[750L],"[365L, 775L, 700L, 811L, 2L, 20L, 200L, 220L, 290L, 365L, 750L, 775L, 800L, 811L, 816L, 817L]","[365L, 775L, 700L]","[365L, 775L, 700L, 811L]",['None'],['None'],"[811L, 731L, 2L, 20L, 200L, 220L, 290L, 365L, 750L, 775L, 800L, 811L, 816L, 817L]",['None'],['None'],"[2L, 20L, 200L, 220L, 290L, 365L, 750L, 775L, 800L, 811L, 816L, 817L]"
234,2008-08-08,1973-01-27,1965-02-07,2008-08-08,163,"Vietnam War, Phase 2",1,2,United States of America,2,748,7,1,2,-8,58153,4,"[811L, 732L, 840L, 817L, 800L, 900L]",[816L],"[200L, 220L, 770L, 800L, 840L, 900L, 920L, 713L, 200L, 630L, 640L, 645L, 770L, 630L]","[200L, 220L, 770L, 800L, 840L, 900L, 920L, 713L, 200L, 630L, 640L, 645L, 770L, 630L]","[200L, 220L, 770L, 800L, 840L, 900L, 920L, 713L, 200L, 630L, 640L, 645L, 770L, 630L]",[230L],['None'],['None'],"[20L, 200L, 220L, 290L, 365L, 710L, 750L, 775L, 800L, 811L, 816L, 817L]",['None'],['None']
235,2008-08-08,1975-04-17,1970-03-01,2008-08-08,163,"Vietnam War, Phase 2",1,811,Cambodia,2,748,7,2,2,-8,2500,4,"[2L, 732L, 840L, 817L, 800L, 900L]",[816L],['None'],['None'],['None'],['None'],[710L],['None'],['None'],['None'],['None']
236,2008-08-08,1973-01-28,1965-05-01,2008-08-08,163,"Vietnam War, Phase 2",1,732,South Korea,2,748,7,2,2,-8,4687,4,"[2L, 811L, 840L, 817L, 800L, 900L]",[816L],['None'],['None'],['None'],['None'],['None'],['None'],['None'],['None'],['None']
237,2008-08-08,1973-01-28,1966-10-01,2008-08-08,163,"Vietnam War, Phase 2",1,840,Philippines,2,748,7,2,2,-8,1000,4,"[2L, 811L, 732L, 817L, 800L, 900L]",[816L],"[2L, 200L, 220L, 770L, 800L, 900L, 920L]","[2L, 200L, 220L, 770L, 800L, 900L, 920L]","[2L, 200L, 220L, 770L, 800L, 900L, 920L]",['None'],['None'],['None'],['None'],['None'],['None']
238,2008-08-08,1975-04-30,1965-02-07,2008-08-08,163,"Vietnam War, Phase 2",1,817,South Vietnam,2,748,7,2,2,-8,254257,4,"[2L, 811L, 732L, 840L, 800L, 900L]",[816L],['None'],['None'],['None'],['None'],['None'],['None'],"[2L, 20L, 200L, 220L, 290L, 365L, 710L, 750L, 775L, 800L, 811L, 816L]",['None'],['None']
239,2008-08-08,1975-04-30,1965-02-07,2008-08-08,163,"Vietnam War, Phase 2",1,816,Vietnam,1,748,7,2,1,-8,700000,4,[],"[2L, 811L, 732L, 840L, 817L, 800L, 900L]",['None'],['None'],['None'],['None'],['None'],['None'],"[2L, 20L, 200L, 220L, 290L, 365L, 710L, 750L, 775L, 800L, 811L, 817L]",['None'],['None']
240,2008-08-08,1973-01-28,1967-10-01,2008-08-08,163,"Vietnam War, Phase 2",1,800,Thailand,2,748,7,2,2,-8,351,4,"[2L, 811L, 732L, 840L, 817L, 900L]",[816L],"[2L, 200L, 220L, 770L, 840L, 900L, 920L]","[2L, 200L, 220L, 770L, 840L, 900L, 920L]","[2L, 200L, 220L, 770L, 840L, 900L, 920L]",['None'],['None'],['None'],['None'],['None'],['None']
241,2008-08-08,1972-12-20,1965-02-07,2008-08-08,163,"Vietnam War, Phase 2",1,900,Australia,2,748,7,2,2,-8,494,4,"[2L, 811L, 732L, 840L, 817L, 800L]",[816L],"[2L, 200L, 220L, 770L, 800L, 840L, 920L]","[2L, 200L, 220L, 770L, 800L, 840L, 920L]","[2L, 200L, 220L, 770L, 800L, 840L, 920L]",['None'],['None'],['None'],['None'],['None'],['None']
242,2008-08-08,1965-09-23,1965-08-05,2008-08-08,166,Second Kashmir,1,750,India,2,-8,7,2,2,-8,3261,4,[],[770L],['None'],['None'],['None'],['None'],['None'],['None'],"[2L, 20L, 200L, 220L, 290L, 365L, 710L, 775L, 800L, 811L, 816L, 817L]",['None'],['None']
243,2008-08-08,1965-09-23,1965-08-05,2008-08-08,166,Second Kashmir,1,770,Pakistan,1,-8,7,1,1,-8,3800,4,[],[750L],"[2L, 200L, 220L, 800L, 840L, 900L, 920L, 2L, 200L, 630L, 640L, 645L]","[2L, 200L, 220L, 800L, 840L, 900L, 920L, 2L, 200L, 630L, 640L, 645L]","[2L, 200L, 220L, 800L, 840L, 900L, 920L, 2L, 200L, 630L, 640L, 645L]",['None'],['None'],['None'],['None'],['None'],['None']
244,2008-08-08,1967-06-10,1967-06-05,2008-08-08,169,Six Day War,1,666,Israel,1,-8,6,1,1,-8,1000,4,[],"[651L, 663L, 652L]",['None'],['None'],['None'],['None'],['None'],['None'],['None'],['None'],['None']
245,2008-08-08,1967-06-10,1967-06-05,2008-08-08,169,Six Day War,1,651,Egypt,2,-8,6,2,2,-8,10000,4,"[663L, 652L]",[666L],"[678L, 652L, 645L, 663L]",[678L],"[645L, 663L]",['None'],[652L],"[652L, 645L, 663L]",['None'],['None'],"[678L, 652L]"
246,2008-08-08,1967-06-10,1967-06-05,2008-08-08,169,Six Day War,1,663,Jordan,2,-8,6,2,2,-8,6100,4,"[651L, 652L]",[666L],"[645L, 651L]",['None'],"[645L, 651L]",['None'],['None'],"[645L, 651L]",[670L],['None'],['None']
247,2008-08-08,1967-06-10,1967-06-05,2008-08-08,169,Six Day War,1,652,Syria,2,-8,6,2,2,-8,2500,4,"[651L, 663L]",[666L],[651L],['None'],['None'],['None'],[651L],[651L],['None'],['None'],[651L]
248,2008-08-08,1973-04-17,1968-01-13,2008-08-08,170,"Second Laotian, Phase 2",1,2,United States of America,2,756,7,2,2,-8,375,4,"[800L, 812L]",[816L],"[200L, 220L, 770L, 800L, 840L, 900L, 920L, 713L, 200L, 630L, 640L, 645L, 770L, 630L]","[200L, 220L, 770L, 800L, 840L, 900L, 920L, 713L, 200L, 630L, 640L, 645L, 770L, 630L]","[200L, 220L, 770L, 800L, 840L, 900L, 920L, 713L, 200L, 630L, 640L, 645L, 770L, 630L]",[230L],['None'],['None'],['None'],['None'],['None']
249,2008-08-08,1973-04-17,1970-03-17,2008-08-08,170,"Second Laotian, Phase 2",1,800,Thailand,2,756,7,2,2,-8,-9,4,"[2L, 812L]",[816L],"[2L, 200L, 220L, 770L, 840L, 900L, 920L]","[2L, 200L, 220L, 770L, 840L, 900L, 920L]","[2L, 200L, 220L, 770L, 840L, 900L, 920L]",['None'],['None'],['None'],['None'],['None'],['None']
250,2008-08-08,1973-04-17,1968-01-13,2008-08-08,170,"Second Laotian, Phase 2",1,812,Laos,2,756,7,2,2,-8,11250,4,"[2L, 800L]",[816L],['None'],['None'],['None'],['None'],['None'],['None'],['None'],['None'],['None']
251,2008-08-08,1973-04-17,1968-01-13,2008-08-08,170,"Second Laotian, Phase 2",1,816,Vietnam,1,756,7,1,1,-8,2250,4,[],"[2L, 800L, 812L]",['None'],['None'],['None'],['None'],['None'],['None'],['None'],['None'],['None']
252,2008-08-08,1970-08-07,1969-03-06,2008-08-08,172,War of Attrition,1,651,Egypt,2,-8,6,1,6,-8,5000,4,[],[666L],"[645L, 663L]",['None'],"[645L, 663L]",['None'],['None'],"[645L, 663L]","[678L, 652L]",[365L],['None']
253,2008-08-08,1970-08-07,1969-03-06,2008-08-08,172,War of Attrition,1,666,Israel,1,-8,6,2,6,-8,368,4,[],[651L],['None'],['None'],['None'],['None'],['None'],['None'],['None'],['None'],['None']
254,2008-08-08,1969-07-18,1969-07-14,2008-08-08,175,Football War,1,91,Honduras,2,-8,1,2,2,-8,1200,4,[],[92L],['None'],['None'],['None'],['None'],"[90L, 92L, 93L, 94L, 95L]",['None'],"[90L, 92L, 93L, 94L, 95L]",['None'],['None']
255,2008-08-08,1969-07-18,1969-07-14,2008-08-08,175,Football War,1,92,El Salvador,1,-8,1,1,1,-8,700,4,[],[91L],['None'],['None'],['None'],['None'],"[90L, 91L, 93L, 94L, 95L]",['None'],"[90L, 91L, 93L, 94L, 95L]",['None'],['None']
256,2008-08-08,1971-07-02,1970-03-23,2008-08-08,176,Communist Coalition,1,816,Vietnam,1,-8,7,1,4,785,400,4,[],"[2L, 811L, 817L]",['None'],['None'],['None'],['None'],['None'],['None'],['None'],['None'],['None']
257,2008-08-08,1971-07-02,1970-05-01,2008-08-08,176,Communist Coalition,1,2,United States of America,2,-8,7,2,4,785,125,4,"[811L, 817L]",[816L],"[200L, 220L, 770L, 800L, 840L, 900L, 920L, 713L, 200L, 630L, 640L, 645L, 770L, 630L]","[200L, 220L, 770L, 800L, 840L, 900L, 920L, 713L, 200L, 630L, 640L, 645L, 770L, 630L]","[200L, 220L, 770L, 800L, 840L, 900L, 920L, 713L, 200L, 630L, 640L, 645L, 770L, 630L]",[230L],['None'],['None'],['None'],['None'],['None']
258,2008-08-08,1971-07-02,1970-03-23,2008-08-08,176,Communist Coalition,1,811,Cambodia,2,-8,7,2,4,785,5000,4,"[2L, 817L]",[816L],['None'],['None'],['None'],['None'],[710L],['None'],['None'],['None'],['None']
259,2008-08-08,1971-07-02,1970-05-01,2008-08-08,176,Communist Coalition,1,817,South Vietnam,2,-8,7,2,4,785,1000,4,"[2L, 811L]",[816L],['None'],['None'],['None'],['None'],['None'],['None'],['None'],['None'],['None']
260,2008-08-08,1971-12-17,1971-12-03,2008-08-08,178,Bangladesh,1,750,India,1,782,7,2,1,-8,3241,4,[],[770L],[365L],['None'],[365L],['None'],['None'],[365L],['None'],"[771L, 770L]",['None']
261,2008-08-08,1971-12-17,1971-12-03,2008-08-08,178,Bangladesh,1,770,Pakistan,2,782,7,1,2,-8,7982,4,[],[750L],"[2L, 200L, 220L, 800L, 840L, 900L, 920L, 2L, 200L, 630L, 640L, 645L]","[2L, 200L, 220L, 800L, 840L, 900L, 920L, 2L, 200L, 630L, 640L, 645L]","[2L, 200L, 220L, 800L, 840L, 900L, 920L, 2L, 200L, 630L, 640L, 645L]",['None'],['None'],['None'],['None'],[750L],['None']
262,2008-08-08,1973-10-24,1973-10-06,2008-08-08,181,Yom Kippur War,1,651,Egypt,2,-8,6,1,2,-8,7700,4,"[670L, 663L, 652L, 645L]",[666L],"[645L, 663L, 365L]","[645L, 663L, 365L]","[645L, 663L, 365L]",['None'],['None'],['None'],['None'],['None'],['None']
263,2008-08-08,1973-10-24,1973-10-10,2008-08-08,181,Yom Kippur War,1,670,Saudi Arabia,2,-8,6,2,2,-8,100,4,"[651L, 663L, 652L, 645L]",[666L],['None'],['None'],['None'],['None'],['None'],['None'],['None'],['None'],['None']
264,2008-08-08,1973-10-24,1973-10-06,2008-08-08,181,Yom Kippur War,1,666,Israel,1,-8,6,2,1,-8,2838,4,[],"[651L, 670L, 663L, 652L, 645L]",['None'],['None'],['None'],['None'],['None'],['None'],['None'],['None'],['None']
265,2008-08-08,1973-10-24,1973-10-10,2008-08-08,181,Yom Kippur War,1,663,Jordan,2,-8,6,2,2,-8,23,4,"[651L, 670L, 652L, 645L]",[666L],"[645L, 651L]","[645L, 651L]","[645L, 651L]",['None'],['None'],['None'],['None'],['None'],['None']
266,2008-08-08,1973-10-24,1973-10-06,2008-08-08,181,Yom Kippur War,1,652,Syria,2,-8,6,1,2,-8,3500,4,"[651L, 670L, 663L, 645L]",[666L],['None'],['None'],['None'],['None'],['None'],['None'],['None'],['None'],['None']
267,2008-08-08,1973-10-24,1973-10-06,2008-08-08,181,Yom Kippur War,1,645,Iraq,2,-8,6,2,2,-8,278,4,"[651L, 670L, 663L, 652L]",[666L],"[2L, 200L, 630L, 640L, 770L, 651L, 663L, 365L]","[2L, 200L, 630L, 640L, 770L, 651L, 663L]","[2L, 200L, 630L, 640L, 770L, 651L, 663L, 365L]",['None'],['None'],[365L],['None'],['None'],['None']
268,1974-08-14,1974-07-29,1974-07-20,1974-08-16,184,Turco-Cypriot,1,640,Turkey,1,-8,2,1,1,-8,1000,4,[],[352L],"[2L, 200L, 630L, 645L, 770L]","[2L, 200L, 630L, 645L, 770L]","[2L, 200L, 630L, 645L, 770L]",['None'],"[350L, 352L]",['None'],"[350L, 352L]",['None'],['None']
269,1974-08-14,1974-07-29,1974-07-20,1974-08-16,184,Turco-Cypriot,1,352,Cyprus,2,-8,2,2,2,-8,500,4,[],[640L],['None'],['None'],['None'],['None'],"[350L, 640L]",['None'],"[350L, 640L]",['None'],['None']
270,2008-08-08,1976-02-12,1975-10-23,2008-08-08,186,War over Angola,1,40,Cuba,1,1581,4,2,4,804,1500,4,[540L],"[560L, 490L]",['None'],['None'],['None'],['None'],['None'],['None'],['None'],['None'],['None']
271,2008-08-08,1976-02-12,1975-10-23,2008-08-08,186,War over Angola,1,560,South Africa,2,1581,4,1,4,804,100,4,[490L],"[40L, 540L]",['None'],['None'],['None'],['None'],['None'],['None'],['None'],['None'],['None']
272,2008-08-08,1976-02-12,1975-10-23,2008-08-08,186,War over Angola,1,490,Democratic Republic of the Congo,2,1581,4,2,4,804,100,4,[560L],"[40L, 540L]","[516L, 517L]","[516L, 517L]","[516L, 517L]",['None'],['None'],['None'],['None'],['None'],['None']
273,2008-08-08,1976-02-12,1975-11-11,2008-08-08,186,War over Angola,1,540,Angola,1,1581,4,2,4,804,1000,4,[40L],"[560L, 490L]",['None'],['None'],['None'],['None'],['None'],['None'],['None'],[365L],['None']
274,2008-08-08,1978-03-09,1977-07-23,2008-08-08,187,"Second Ogaden War, Phase 2",1,530,Ethiopia,1,805,4,2,4,808,1800,4,[40L],[520L],['None'],['None'],['None'],['None'],['None'],['None'],['None'],"[365L, 265L, 680L]",['None']
275,2008-08-08,1978-03-09,1977-11-23,2008-08-08,187,"Second Ogaden War, Phase 2",1,40,Cuba,1,805,4,2,4,808,700,4,[530L],[520L],['None'],['None'],['None'],['None'],['None'],['None'],['None'],['None'],['None']
276,2008-08-08,1978-03-09,1977-07-23,2008-08-08,187,"Second Ogaden War, Phase 2",1,520,Somalia,2,805,4,1,4,808,8000,4,[],"[530L, 40L]",['None'],['None'],['None'],['None'],['None'],['None'],['None'],['None'],['None']
277,2008-08-08,1979-01-08,1977-09-24,2008-08-08,189,Vietnamese-Cambodian,1,816,Vietnam,1,-8,7,2,4,475,3000,4,[],[811L],['None'],['None'],['None'],[365L],['None'],['None'],['None'],['None'],['None']
278,2008-08-08,1979-01-08,1977-09-24,2008-08-08,189,Vietnamese-Cambodian,1,811,Cambodia,2,-8,7,1,4,475,5000,4,[],[816L],['None'],['None'],['None'],['None'],['None'],['None'],['None'],['None'],['None']
279,2008-08-08,1979-04-11,1978-10-28,2008-08-08,190,Ugandian-Tanzanian,1,500,Uganda,2,-8,4,1,2,-8,1500,4,[620L],[510L],[625L],[625L],['None'],['None'],[625L],['None'],['None'],['None'],[625L]
280,2008-08-08,1979-04-11,1978-10-28,2008-08-08,190,Ugandian-Tanzanian,1,510,Tanzania,1,-8,4,2,1,-8,1000,4,[],"[500L, 620L]",['None'],['None'],['None'],['None'],['None'],['None'],['None'],['None'],['None']
281,2008-08-08,1979-04-11,1979-02-01,2008-08-08,190,Ugandian-Tanzanian,1,620,Libya,2,-8,4,2,2,-8,500,4,[500L],[510L],"[220L, 436L, 615L]","[220L, 436L, 615L]","[220L, 615L]",['None'],['None'],['None'],['None'],"[483L, 652L]","[436L, 652L]"
282,2008-08-08,1979-03-16,1979-02-17,2008-08-08,193,Sino-Vietnamese Punitive,1,710,China,1,-8,7,1,1,-8,13000,4,[],[816L],"[365L, 700L]","[365L, 700L]",['None'],['None'],['None'],['None'],['None'],['None'],"[365L, 700L]"
283,2008-08-08,1979-03-16,1979-02-17,2008-08-08,193,Sino-Vietnamese Punitive,1,816,Vietnam,2,-8,7,2,2,-8,8000,4,[],[710L],[365L],['None'],[365L],['None'],['None'],[365L],['None'],['None'],['None']
284,2008-08-08,1988-08-20,1980-09-22,2008-08-08,199,Iran-Iraq,1,645,Iraq,2,-8,6,1,6,-8,500000,4,[],[630L],[365L],[365L],[365L],['None'],['None'],['None'],"[2L, 200L, 630L, 640L, 770L, 651L, 663L]",[670L],[670L]
285,2008-08-08,1988-08-20,1980-09-22,2008-08-08,199,Iran-Iraq,1,630,Iran,1,-8,6,2,6,-8,750000,4,[],[645L],['None'],['None'],['None'],['None'],['None'],['None'],"[2L, 200L, 640L, 645L, 770L, 2L]",['None'],['None']
286,2008-08-08,1982-06-15,1982-03-25,2008-08-08,202,Falkland Islands,1,200,United Kingdom,1,-8,1,2,1,-8,255,4,[],[160L],['None'],['None'],['None'],['None'],['None'],['None'],['None'],['None'],['None']
287,2008-08-08,1982-06-15,1982-03-25,2008-08-08,202,Falkland Islands,1,160,Argentina,2,-8,1,1,2,-8,746,4,[],[200L],['None'],['None'],['None'],['None'],['None'],['None'],['None'],['None'],['None']
288,2008-08-08,1982-09-15,1982-04-21,2008-08-08,205,War over Lebanon,1,666,Israel,1,-8,6,1,6,-8,455,4,[],[652L],[2L],['None'],[2L],['None'],['None'],[2L],['None'],[660L],[660L]
289,2008-08-08,1982-09-15,1982-04-21,2008-08-08,205,War over Lebanon,1,652,Syria,2,-8,6,2,6,-8,1200,4,[],[666L],[365L],['None'],[365L],['None'],['None'],"[620L, 365L]",[620L],['None'],['None']
290,2008-08-08,1987-09-11,1986-11-15,2008-08-08,207,War over the Aouzou Strip,1,483,Chad,1,-8,18,1,1,-8,1000,4,[],[620L],['None'],['None'],['None'],['None'],['None'],['None'],['None'],['None'],['None']
291,2008-08-08,1987-09-11,1986-11-15,2008-08-08,207,War over the Aouzou Strip,1,620,Libya,2,-8,18,2,2,-8,7000,4,[],[483L],"[220L, 315L, 355L, 338L]","[220L, 315L, 355L]","[220L, 315L, 355L, 338L]",['None'],['None'],[338L],"[530L, 680L, 600L]","[435L, 600L, 615L, 616L]",['None']
292,2008-08-08,1987-02-06,1987-01-05,2008-08-08,208,Sino-Vietnamese Border War,1,816,Vietnam,2,-8,7,2,6,-8,2200,4,[],[710L],[365L],[365L],[365L],['None'],['None'],['None'],['None'],['None'],['None']
293,2008-08-08,1987-02-06,1987-01-05,2008-08-08,208,Sino-Vietnamese Border War,1,710,China,1,-8,7,1,6,-8,1800,4,[],[816L],['None'],['None'],['None'],['None'],['None'],['None'],['None'],['None'],['None']
294,2008-08-08,1991-04-11,1990-08-02,2008-08-08,211,Gulf War,1,690,Kuwait,1,-8,6,2,1,-8,1000,4,"[2L, 20L, 200L, 325L, 600L, 651L, 698L, 220L, 696L, 694L, 670L, 652L]",[645L],['None'],['None'],['None'],['None'],['None'],['None'],['None'],['None'],['None']
295,2008-08-08,1991-04-11,1991-01-16,2008-08-08,211,Gulf War,1,2,United States of America,1,-8,6,2,1,-8,376,4,"[690L, 20L, 200L, 325L, 600L, 651L, 698L, 220L, 696L, 694L, 670L, 652L]",[645L],[666L],[666L],['None'],['None'],['None'],['None'],['None'],['None'],[666L]
296,2008-08-08,1991-04-11,1991-01-16,2008-08-08,211,Gulf War,1,20,Canada,1,-8,6,2,1,-8,0,4,"[690L, 2L, 200L, 325L, 600L, 651L, 698L, 220L, 696L, 694L, 670L, 652L]",[645L],[365L],[365L],['None'],['None'],['None'],['None'],['None'],[365L],[365L]
297,2008-08-08,1991-04-11,1991-01-16,2008-08-08,211,Gulf War,1,200,United Kingdom,1,-8,6,2,1,-8,24,4,"[690L, 2L, 20L, 325L, 600L, 651L, 698L, 220L, 696L, 694L, 670L, 652L]",[645L],['None'],['None'],['None'],['None'],['None'],['None'],['None'],['None'],['None']
298,2008-08-08,1991-04-11,1991-01-16,2008-08-08,211,Gulf War,1,325,Italy,1,-8,6,2,1,-8,0,4,"[690L, 2L, 20L, 200L, 600L, 651L, 698L, 220L, 696L, 694L, 670L, 652L]",[645L],[365L],['None'],['None'],['None'],['None'],[365L],['None'],['None'],[365L]
299,2008-08-08,1991-04-11,1991-01-16,2008-08-08,211,Gulf War,1,600,Morocco,1,-8,6,2,1,-8,0,4,"[690L, 2L, 20L, 200L, 325L, 651L, 698L, 220L, 696L, 694L, 670L, 652L]",[645L],['None'],['None'],['None'],['None'],['None'],"[435L, 615L, 616L, 620L]",['None'],['None'],['None']
300,2008-08-08,1991-04-11,1990-08-02,2008-08-08,211,Gulf War,1,645,Iraq,2,-8,6,1,2,-8,40000,4,[],"[690L, 2L, 20L, 200L, 325L, 600L, 651L, 698L, 220L, 696L, 694L, 670L, 652L]",['None'],['None'],['None'],['None'],"[365L, 670L]",[670L],[670L],['None'],['None']
301,2008-08-08,1991-04-11,1991-01-16,2008-08-08,211,Gulf War,1,651,Egypt,1,-8,6,2,1,-8,14,4,"[690L, 2L, 20L, 200L, 325L, 600L, 698L, 220L, 696L, 694L, 670L, 652L]",[645L],['None'],['None'],['None'],['None'],['None'],['None'],[625L],['None'],['None']
302,2008-08-08,1991-04-11,1991-01-16,2008-08-08,211,Gulf War,1,698,Oman,1,-8,6,2,1,-8,0,4,"[690L, 2L, 20L, 200L, 325L, 600L, 651L, 220L, 696L, 694L, 670L, 652L]",[645L],['None'],['None'],['None'],['None'],['None'],['None'],['None'],['None'],['None']
303,2008-08-08,1991-04-11,1991-01-16,2008-08-08,211,Gulf War,1,220,France,1,-8,6,2,1,-8,2,4,"[690L, 2L, 20L, 200L, 325L, 600L, 651L, 698L, 696L, 694L, 670L, 652L]",[645L],"[620L, 365L]",[620L],[620L],['None'],['None'],[365L],[365L],[365L],[365L]
304,2008-08-08,1991-04-11,1991-01-16,2008-08-08,211,Gulf War,1,696,United Arab Emirates,1,-8,6,2,1,-8,6,4,"[690L, 2L, 20L, 200L, 325L, 600L, 651L, 698L, 220L, 694L, 670L, 652L]",[645L],['None'],['None'],['None'],['None'],['None'],['None'],['None'],['None'],['None']
305,2008-08-08,1991-04-11,1991-01-16,2008-08-08,211,Gulf War,1,694,Qatar,1,-8,6,2,1,-8,0,4,"[690L, 2L, 20L, 200L, 325L, 600L, 651L, 698L, 220L, 696L, 670L, 652L]",[645L],['None'],['None'],['None'],['None'],['None'],['None'],['None'],['None'],['None']
306,2008-08-08,1991-04-11,1991-01-16,2008-08-08,211,Gulf War,1,670,Saudi Arabia,1,-8,6,2,1,-8,44,4,"[690L, 2L, 20L, 200L, 325L, 600L, 651L, 698L, 220L, 696L, 694L, 652L]",[645L],['None'],['None'],['None'],['None'],['None'],[645L],[645L],['None'],['None']
307,2008-08-08,1991-04-11,1991-01-16,2008-08-08,211,Gulf War,1,652,Syria,1,-8,6,2,1,-8,0,4,"[690L, 2L, 20L, 200L, 325L, 600L, 651L, 698L, 220L, 696L, 694L, 670L]",[645L],[365L],[365L],['None'],['None'],['None'],['None'],['None'],[660L],[365L]
308,2008-08-08,1992-05-13,1992-04-07,2008-08-08,215,Bosnian Independence,1,344,Croatia,1,-8,2,2,4,877,500,4,[346L],[345L],['None'],['None'],['None'],['None'],['None'],['None'],['None'],[346L],['None']
309,2008-08-08,1992-05-13,1992-04-07,2008-08-08,215,Bosnian Independence,1,346,Bosnia,1,-8,2,2,4,877,2850,4,[344L],[345L],['None'],['None'],['None'],['None'],['None'],['None'],['None'],[344L],['None']
310,2008-08-08,1992-05-13,1992-04-07,2008-08-08,215,Bosnian Independence,1,345,Yugoslavia,2,-8,2,1,4,877,1890,4,[],"[344L, 346L]",['None'],['None'],['None'],['None'],['None'],['None'],['None'],['None'],['None']
311,2008-08-08,1994-05-12,1993-02-06,2008-08-08,216,Azeri-Armenian,1,373,Azerbaijan,2,872,2,2,2,-8,8500,4,[],[371L],['None'],['None'],['None'],[640L],['None'],"[359L, 365L, 369L, 370L, 371L, 372L, 701L, 702L, 703L, 704L, 705L, 365L, 370L, 371L, 372L, 702L, 703L, 704L, 705L]",['None'],['None'],['None']
312,2008-08-08,1994-05-12,1993-02-06,2008-08-08,216,Azeri-Armenian,1,371,Armenia,1,872,2,1,1,-8,5500,4,[],[373L],['None'],['None'],['None'],['None'],['None'],"[359L, 365L, 369L, 370L, 372L, 373L, 701L, 702L, 703L, 704L, 705L, 365L, 370L, 372L, 373L, 702L, 703L, 704L, 705L]",['None'],['None'],['None']
313,2008-08-08,1995-02-27,1995-01-09,2008-08-08,217,Cenepa Valley,1,130,Ecuador,2,-8,1,1,3,-8,550,4,[],[135L],['None'],['None'],['None'],['None'],['None'],['None'],['None'],['None'],['None']
314,2008-08-08,1995-02-27,1995-01-09,2008-08-08,217,Cenepa Valley,1,135,Peru,1,-8,1,2,3,-8,950,4,[],[130L],['None'],['None'],['None'],['None'],['None'],['None'],['None'],['None'],['None']
315,2008-08-08,2000-12-12,1998-05-06,2008-08-08,219,Badme Border,1,531,Eritrea,1,-8,4,1,6,-8,50000,4,[],[530L],['None'],['None'],['None'],[530L],['None'],['None'],['None'],[530L],['None']
316,2008-08-08,2000-12-12,1998-05-06,2008-08-08,219,Badme Border,1,530,Ethiopia,2,-8,4,2,6,-8,70000,4,[],[531L],['None'],['None'],['None'],[531L],['None'],['None'],['None'],[531L],['None']
317,2008-08-08,1999-06-10,1999-03-24,2008-08-08,221,War for Kosovo,1,640,Turkey,1,900,2,1,1,-8,0,4,"[325L, 200L, 2L, 210L, 220L, 255L]",[345L],['None'],['None'],['None'],['None'],['None'],['None'],['None'],['None'],['None']
318,2008-08-08,1999-06-10,1999-03-24,2008-08-08,221,War for Kosovo,1,325,Italy,1,900,2,1,1,-8,0,4,"[640L, 200L, 2L, 210L, 220L, 255L]",[345L],['None'],['None'],['None'],['None'],['None'],['None'],['None'],['None'],['None']
319,2008-08-08,1999-06-10,1999-03-24,2008-08-08,221,War for Kosovo,1,200,United Kingdom,1,900,2,1,1,-8,0,4,"[640L, 325L, 2L, 210L, 220L, 255L]",[345L],['None'],['None'],['None'],['None'],['None'],['None'],['None'],['None'],['None']
320,2008-08-08,1999-06-10,1999-03-24,2008-08-08,221,War for Kosovo,1,2,United States of America,1,900,2,1,1,-8,2,4,"[640L, 325L, 200L, 210L, 220L, 255L]",[345L],['None'],['None'],['None'],['None'],['None'],['None'],['None'],['None'],['None']
321,2008-08-08,1999-06-10,1999-03-24,2008-08-08,221,War for Kosovo,1,210,Netherlands,1,900,2,1,1,-8,0,4,"[640L, 325L, 200L, 2L, 220L, 255L]",[345L],['None'],['None'],['None'],['None'],['None'],['None'],['None'],['None'],['None']
322,2008-08-08,1999-06-10,1999-03-24,2008-08-08,221,War for Kosovo,1,220,France,1,900,2,1,1,-8,0,4,"[640L, 325L, 200L, 2L, 210L, 255L]",[345L],[620L],[620L],[620L],['None'],['None'],['None'],['None'],['None'],['None']
323,2008-08-08,1999-06-10,1999-03-24,2008-08-08,221,War for Kosovo,1,345,Yugoslavia,2,900,2,2,2,-8,5000,4,[],"[640L, 325L, 200L, 2L, 210L, 220L, 255L]",['None'],['None'],['None'],['None'],['None'],['None'],['None'],['None'],['None']
324,2008-08-08,1999-06-10,1999-03-24,2008-08-08,221,War for Kosovo,1,255,Germany,1,900,2,1,1,-8,0,4,"[640L, 325L, 200L, 2L, 210L, 220L]",[345L],['None'],['None'],['None'],['None'],['None'],['None'],['None'],['None'],['None']
325,2008-08-08,1999-07-17,1999-05-08,2008-08-08,223,Kargil War,1,750,India,1,-8,7,2,1,-8,474,4,[],[770L],['None'],['None'],['None'],['None'],['None'],['None'],['None'],['None'],['None']
326,2008-08-08,1999-07-17,1999-05-08,2008-08-08,223,Kargil War,1,770,Pakistan,2,-8,7,1,2,-8,698,4,[],[750L],['None'],['None'],['None'],['None'],['None'],['None'],['None'],['None'],['None']
327,2008-08-08,2001-12-22,2001-11-15,2008-08-08,225,Invasion of Afghanistan,1,20,Canada,1,851,7,2,4,481,0,4,"[220L, 200L, 2L, 900L]",[700L],['None'],['None'],['None'],['None'],['None'],['None'],['None'],['None'],['None']
328,2008-08-08,2001-12-22,2001-10-21,2008-08-08,225,Invasion of Afghanistan,1,220,France,1,851,7,2,4,481,0,4,"[20L, 200L, 2L, 900L]",[700L],[620L],[620L],[620L],['None'],['None'],['None'],['None'],['None'],['None']
329,2008-08-08,2001-12-22,2001-10-07,2008-08-08,225,Invasion of Afghanistan,1,200,United Kingdom,1,851,7,1,4,481,0,4,"[20L, 220L, 2L, 900L]",[700L],['None'],['None'],['None'],['None'],['None'],['None'],['None'],['None'],['None']
330,2008-08-08,2001-12-22,2001-10-07,2008-08-08,225,Invasion of Afghanistan,1,2,United States of America,1,851,7,1,4,481,2,4,"[20L, 220L, 200L, 900L]",[700L],['None'],['None'],['None'],['None'],['None'],['None'],['None'],['None'],['None']
331,2008-08-08,2001-12-22,2001-10-17,2008-08-08,225,Invasion of Afghanistan,1,900,Australia,1,851,7,2,4,481,0,4,"[20L, 220L, 200L, 2L]",[700L],['None'],['None'],['None'],['None'],['None'],['None'],['None'],['None'],['None']
332,2008-08-08,2001-12-22,2001-10-07,2008-08-08,225,Invasion of Afghanistan,1,700,Afghanistan,2,851,7,2,4,481,4000,4,[],"[20L, 220L, 200L, 2L, 900L]",['None'],['None'],['None'],['None'],['None'],['None'],['None'],"[630L, 701L, 702L, 704L, 710L, 770L]",['None']
333,2008-08-08,2003-05-02,2003-03-19,2008-08-08,227,Invasion of Iraq,1,900,Australia,1,-8,6,1,4,482,0,4,"[200L, 2L]",[645L],['None'],['None'],['None'],['None'],['None'],['None'],['None'],['None'],['None']
334,2008-08-08,2003-05-02,2003-03-19,2008-08-08,227,Invasion of Iraq,1,200,United Kingdom,1,-8,6,1,4,482,33,4,"[900L, 2L]",[645L],['None'],['None'],['None'],['None'],['None'],['None'],['None'],['None'],['None']
335,2008-08-08,2003-05-02,2003-03-19,2008-08-08,227,Invasion of Iraq,1,2,United States of America,1,-8,6,1,4,482,140,4,"[900L, 200L]",[645L],['None'],['None'],['None'],['None'],['None'],['None'],['None'],['None'],['None']
336,2008-08-08,2003-05-02,2003-03-19,2008-08-08,227,Invasion of Iraq,1,645,Iraq,2,-8,6,2,4,482,7000,4,[],"[900L, 200L, 2L]",['None'],['None'],['None'],['None'],['None'],['None'],['None'],['None'],['None']
